epoch,lambda,mu,disturbance,q_FCFS,q_RoundRobin,q_PID_Tustin,q_AZFS,error_AZFS,KI_AZFS,mu_hat_AZFS,u_AZFS
0,12.0,10.182830247852658,0,21.817169752147343,22.835452776932605,32.0,32.0,-12.0,-0.1,10.018283024785266,0.0
1,12.0,9.376009536255703,0,24.441160215891642,26.397044194302474,31.06110683996713,21.51811019007916,-1.5181101900791596,-0.09981750341111313,9.95405567593231,2.397810040933358
2,12.0,10.450270717483875,0,25.990889498407768,28.991800548566985,28.51404484891212,17.820415946226582,2.179584053773418,-0.10046156386465446,10.003677180087466,1.5021327837554939
3,12.0,10.564338829834728,0,27.42655066857304,31.48389560171573,25.19864578669105,20.159485793296923,-0.15948579329692336,-0.0999632417158084,10.059743345062193,0.9144850717629622
4,12.0,8.829378886807698,0,30.597171781765347,35.5374546035888,25.05985747807599,21.879917452447202,-1.8799174524472022,-0.09940611461930073,9.936706899236745,1.1642459195186203
5,12.0,9.21869229588261,0,33.378479485882735,39.24063153729445,22.483956138568836,19.817002698687347,0.18299730131265335,-0.10063696254106194,9.864905438901332,1.5254782676758658
6,12.0,10.076704241900371,0,35.30177524398236,42.17159771958411,19.97886832886124,18.710873792935637,1.2891262070643634,-0.10136944608273624,9.886085319201236,1.3006364572311808
7,12.0,9.81025444459385,0,37.49152079938851,45.34236871944965,19.447062241228842,20.31567781817499,-0.31567781817498997,-0.10115227288780843,9.878502231740498,1.0596255207722098
8,12.0,9.989919305497427,0,39.50160149389109,48.351441344501964,18.80252993238905,19.807679833581936,0.19232016641806382,-0.10122992094762219,9.88964393911619,1.252061963874917
9,12.0,9.488173643455852,0,42.013427850435235,51.8120850653917,19.552820423301608,20.594408742178757,-0.5944087421787572,-0.10111587496540013,9.849496909550156,1.181815543514758
10,12.0,10.527638784917697,0,43.48578906551754,54.337210158965775,18.40479025414418,18.689107786250574,1.310892213749426,-0.10152802820115528,9.917311097086909,1.3208375819133782
11,12.0,10.466675161257369,0,45.019113904260166,56.91720251383414,19.01222012050042,20.242054870849948,-0.24205487084994814,-0.10083378349336425,9.972247503503956,0.9981252646562132
12,12.0,10.03961841853673,0,46.97949548572343,59.88154593715109,19.633116044087508,20.4184683094595,-0.41846830945949876,-0.10027829730947103,9.978984595007233,1.1776928234204473
13,12.0,10.67634472418082,0,48.30315076154261,62.27283568538835,19.216089245572917,19.208956601114515,0.7910433988854848,-0.10021059662726889,10.048720607924592,1.2372691262419433
14,12.0,10.280505605351227,0,50.02264515619139,65.02038064057224,19.99328796385709,20.54193330420386,-0.5419333042038588,-0.09951515610966266,10.071899107667255,1.0375971480778379
15,12.0,9.484424522270057,0,52.53822063392133,68.4843985705292,20.93578095018117,20.926346403225068,-0.9263464032250681,-0.09928614150222652,10.013151649127536,1.2247012851127257
16,12.0,10.2212504704495,0,54.31697016347183,71.28527314712464,20.07232783592325,19.06985131633963,0.9301486836603701,-0.09986865624741954,10.033961531259733,1.3556555655245646
17,12.0,9.4246704395026,0,56.89229972396924,74.8030697515723,21.06028484676473,20.916597190584824,-0.9165971905848238,-0.099661534169192,9.97303242208402,1.0773060120169737
18,12.0,10.527070180784364,0,58.36522954318488,77.32870658886637,19.35949950868879,18.66412139795961,1.3358786020403883,-0.10027040499593949,10.028436197954054,1.3538881709595738
19,12.0,9.970044453408248,0,60.39518508977663,80.35566658079894,20.213583775827438,20.739624819207243,-0.7396248192072434,-0.0997164443449333,10.022597023499474,0.9954315274251049
20,12.0,9.889082581872843,0,62.50610250790379,83.45549225711338,20.040510693652223,20.113465742616313,-0.11346574261631304,-0.09977453923921623,10.00924557933681,1.2767775950961595
21,12.0,9.591442273357636,0,64.91466023454615,86.8231942110915,20.527104226076904,20.35917452171867,-0.35917452171867126,-0.09990762960841029,9.967465248738892,1.2254977808236203
22,12.0,10.733524803204418,0,66.18113543134173,89.16302188820752,18.99193334943746,18.55475232709779,1.4452476729022088,-0.1003264094777278,10.044071204185444,1.2861033488737705
23,12.0,9.907282310758719,0,68.27385312058301,92.24646780852467,20.187498325833857,21.026220411656986,-1.0262204116569862,-0.09956122170692021,10.030392314842771,0.9617705054284551
24,12.0,9.743003306702136,0,70.53084981388088,95.47776483249275,20.21815771911926,20.250917697140892,-0.25091769714089196,-0.09969699774556377,10.00165341402871,1.3112284079517926
25,12.0,9.788719869707062,0,72.74212994417381,98.6679169497564,20.337140619080113,19.929016534225457,0.07098346577454251,-0.09998346859303893,9.980360059596544,1.2587857581917072
26,12.0,10.319385511332008,0,74.4227444328418,101.3804699895576,19.60961997019971,19.34469796055957,0.6553020394404285,-0.10019678589035043,10.014262604770089,1.219483326778197
27,12.0,10.219266438618448,0,76.20347799422335,104.183130194801,19.78153432321905,20.148320495161357,-0.14832049516135726,-0.09985757708447454,10.034762988154924,1.0956145954945726
28,12.0,10.247639566957593,0,77.95583842726576,106.96025458453916,19.68891821598301,19.945866654895525,0.054133345104474984,-0.09965357439736286,10.05605064603519,1.1907575164539672
29,12.0,10.258492601804729,0,79.69734582546103,109.7276112429149,19.795262290588962,19.993399726921837,0.0066002730781633545,-0.09944261770342923,10.076294841612146,1.1651289708851518
30,12.0,11.284988560522276,0,80.41235726493875,111.57112153844486,18.657893648403395,18.798683604988604,1.2013163950113963,-0.0992428284125126,10.197164213503159,1.169227248319211
31,12.0,9.75615099016923,0,82.65620627476952,114.79058564729254,20.657067243579668,21.706470241600204,-1.7064702416002042,-0.09806647996075152,10.153062891169766,0.9319467659479803
32,12.0,9.692654362557077,0,84.96355191221244,118.06719672099118,20.662715324148273,20.22592793075102,-0.2259279307510198,-0.09849244614348951,10.107022038308497,1.390799857975416
33,12.0,9.511736363051273,0,87.45181554916117,121.50663399424504,21.078882263541296,20.19263798516556,-0.19263798516556108,-0.09894111205157313,10.047493470782774,1.2650991876025142
34,12.0,10.369587653545297,0,89.08222789561587,124.17400510605425,19.749046848681427,18.909787956411535,1.0902120435884655,-0.09952731025980877,10.079702889059027,1.2809429335613653
35,12.0,10.677383375632536,0,90.40484451998334,126.56436006798498,19.39973401914505,19.75727398335084,0.24272601664916138,-0.09920927342862913,10.139470937716379,1.0444987859584103
36,12.0,9.931631525407076,0,92.47321299457627,129.6258916951186,20.122533233920205,20.77975562413176,-0.7797556241317594,-0.0986244751962592,10.11868699648545,1.1053086626438386
37,12.0,9.495906113822484,0,94.97730688075379,133.0795761926784,20.65543472984553,20.581145832275517,-0.5811458322755172,-0.09882705140966735,10.056408908219153,1.2846177758749775
38,12.0,9.505311270585256,0,97.47199561016853,136.52479604915166,20.696925470782162,20.0099401290378,-0.00994012903780117,-0.09943907503429927,10.001299144455762,1.3225454007108688
39,12.0,10.39035567269482,0,99.08163993747371,139.17347594372632,19.481811101940217,18.8513992582441,1.1486007417558994,-0.09998701024299946,10.040204797279667,1.2664187141710166
40,12.0,10.445952502722065,0,100.63568743475165,141.77211869127646,19.44594995117923,20.027674144650348,-0.0276741446503479,-0.09959956198014447,10.080779567823907,1.03616449632269
41,12.0,10.325892560983117,0,102.30979487376852,144.47881538639166,19.50058665687495,20.08539503190825,-0.0853950319082486,-0.09919867737132412,10.105290867139828,1.156537223510012
42,12.0,9.600694175626783,0,104.70910069814174,147.83819062832757,20.48652772373625,20.84528786363643,-0.8452878636364289,-0.09895806198431942,10.054831197988525,1.1707598390965315
43,12.0,10.139296793840032,0,106.56980390430171,150.71282351387154,19.867940280952965,19.351739782298644,0.6482602177013561,-0.09945467808550089,10.063277757573676,1.3308169546368913
44,12.0,10.070011485484438,0,108.49979241881726,153.64981317693554,20.1035245632666,20.103096391003724,-0.10309639100372436,-0.09937120132129859,10.063951130364753,1.1170437499013224
45,12.0,10.131213158037408,0,110.36857926077985,156.53172133470187,19.907929386445957,19.92108722611008,0.07891277388991824,-0.09936455245523003,10.070677333132018,1.202423537523665
46,12.0,10.522857266768915,0,111.84572199401094,159.06114979460983,19.49448140222227,19.54213762142558,0.45786237857441847,-0.09929818689653085,10.115895326495707,1.1763867256640559
47,12.0,10.13415732926481,0,113.71156466474613,161.9404081982715,20.009760979995907,20.46317190229112,-0.46317190229111915,-0.09885432457775485,10.117721526772618,1.0932300890120674
48,12.0,10.407348137843137,0,115.30421652690299,164.5737948742127,19.670507537123296,19.650562819623524,0.3494371803764764,-0.09883648184562983,10.14668418787967,1.2311117984108233
49,12.0,10.040547441693334,0,117.26366908520966,167.53730217668868,20.258400622017994,20.451212390057208,-0.4512123900572078,-0.09855436332536213,10.136070513261036,1.1154123313098505
50,20.0,10.173471639213991,1,127.09019744599566,178.3811777013961,28.038941484266402,27.836180781263607,-7.836180781263607,-0.09865756149700207,10.139810625856331,1.2399928024734972
51,20.0,10.378772935503124,1,136.71142451049255,189.04028205944329,26.32793493303611,19.281031997189874,0.7189680028101257,-0.0986211712327268,10.163706856821012,2.7513029682337384
52,20.0,9.1257065080866,1,147.58571800240594,200.82714620216535,28.25303050464231,22.626167434930622,-2.626167434930622,-0.09838929970012716,10.05990682194757,1.8250493315230778
53,20.0,9.80819727018562,1,157.77752073222032,211.9997686589983,24.45734093671816,18.88429079978597,1.115709200214031,-0.09940449923634609,10.034735866771374,2.4206157340772307
54,20.0,9.717776407424322,1,168.05974432479601,223.25376989231643,23.090992632356112,20.078028530732144,-0.07802853073214422,-0.09965384373607285,10.00303992083667,1.9352433602697379
55,20.0,9.616673291053996,1,178.44307103374203,234.59876393036782,21.442024959278033,20.244432136092378,-0.24443213609237802,-0.09996961002994362,9.964403257858402,2.0624176151528575
56,20.0,9.83491464926399,1,188.60815638447804,245.74734074603023,19.98601395698202,19.55581868298543,0.4441813170145714,-0.10035723907614362,9.95145439699896,2.103588510008596
57,20.0,10.896964786740638,1,197.7111915977374,255.94007243796364,17.206832828754408,17.869852416136183,2.130147583863817,-0.10048782420201494,10.046005435973129,1.9900923505999215
58,20.0,9.480501330584055,1,208.23069026715336,267.407621240438,20.146575529319954,22.611398292314895,-2.6113982923148953,-0.09954205244794721,9.989455025434221,1.6094564614001567
59,20.0,10.580967012754888,1,217.64972325439848,277.8847509289586,17.827411141551,17.798749826211292,2.201250173788708,-0.10010556105952657,10.048606224166289,2.3450265402201
60,20.0,8.990278137030517,1,228.65944511736797,289.79350060563115,21.750388374045375,23.012426379833137,-3.012426379833137,-0.09951628889537542,9.942773415452711,1.6447014453839874
61,20.0,9.799068982008535,1,238.86037613535945,300.9743385218235,19.990423261000583,18.81807852379181,1.1819214762081884,-0.10057555957634869,9.928402972108294,2.469045569580444
62,20.0,10.097651839063003,1,248.76272429629645,311.8864518666668,19.87315742210863,19.32389203959286,0.6761079604071405,-0.10072113337958624,9.945327858803765,1.9305663133269493
63,20.0,10.351733398815567,1,258.41099089748093,322.5698918077328,19.02789140942257,19.519316001938673,0.4806839980613269,-0.10054972688655849,9.985968412804946,1.913165194142288
64,20.0,10.426735947875713,1,267.9842549496052,333.18582945464465,19.0603525632561,19.869385051265205,0.13061494873479518,-0.10014051303403947,10.030045166312021,1.884571648203755
65,20.0,10.476008341119956,1,277.50824660848525,343.75742194763666,19.08776245317016,19.896286562908205,0.1037134370917947,-0.0997004483448097,10.074641483792814,1.9065561841870147
66,20.0,9.790764956650937,1,287.7174816518343,354.9457334866508,20.67308467261983,21.304095518182873,-1.3040955181828728,-0.09925911523588318,10.046253831078626,1.8989518313475107
67,20.0,9.72258892440126,1,297.99489272743307,366.19540345468965,20.885497868166087,20.210531842460025,-0.21053184246002488,-0.09953959125604075,10.01388734041089,2.169541861713735
68,20.0,10.514785528754292,1,307.48010719867875,376.7320964788108,19.349834497215895,18.32706050239202,1.672939497607981,-0.09986131918665744,10.06397715924523,2.081209481660306
69,20.0,9.885217405071032,1,317.5948897936077,387.83540081424684,20.628746393338513,21.258928860383065,-1.2589288603830653,-0.09936429546457727,10.04610118382781,1.7266318931188247
70,20.0,9.234588205997246,1,328.3603015876105,399.5242714288493,21.678170467251814,21.449500673058264,-1.4495006730582638,-0.09954110372786187,9.964949886044755,2.145133897195319
71,20.0,9.320027671597911,1,339.04027391601255,411.1362465244112,21.490077456400165,19.923489586749024,0.07651041325097552,-0.10035173397112945,9.90045766460007,2.3096509843965545
72,20.0,9.448328628399032,1,349.5919452876135,422.63275075885207,20.951074818552886,19.615989867504393,0.38401013249560734,-0.10100543165550671,9.855244760979966,2.1493219084490747
73,20.0,10.298296446432259,1,359.29364884118127,433.36428395706304,18.70363631541777,18.199581686895485,1.8004183131045153,-0.10146881424592483,9.899549929525195,2.0796068837218615
74,20.0,10.085455441642338,1,369.2081933995389,444.2873740595849,19.126157106355507,20.488539991864712,-0.4885399918647124,-0.10101469330615945,9.91814048073691,1.7560973619399252
75,20.0,10.414291212440661,1,378.79390218709824,454.9145119683883,18.341237578150817,19.30326383529588,0.6967361647041201,-0.10082535148016988,9.967755553907285,2.034250408828727
76,20.0,9.743648412198079,1,389.05025377490017,466.14522839741005,20.11208002589315,21.31820578256855,-1.3182057825685511,-0.10032348752854474,9.945344839736364,1.845823791241464
77,20.0,10.095123814646028,1,398.95512996025417,477.0596169642286,19.51340027484193,19.31221898869968,0.68778101130032,-0.10054955520541894,9.960322737227331,2.17986299107521
78,20.0,10.375354236380401,1,408.57977572387375,487.72179815148627,19.389822439117616,19.493090427457727,0.5069095725422734,-0.10039835318412296,10.001825887142639,1.9102122308024598
79,20.0,9.814392076167858,1,418.7653836477059,498.8888452829352,20.519495591299748,21.065414431873155,-1.0654144318731547,-0.09998174446182885,9.983082506045161,1.877617671331088
80,20.0,10.274065142534447,1,428.4913185051715,509.6421866546542,19.593294792853175,19.062763561281116,0.9372364387188838,-0.10016946162615199,10.012180769694089,2.1415720618220973
81,20.0,9.602844435360009,1,438.8884740698115,520.9996266628302,21.124366446837538,21.319613301302187,-1.3196133013021871,-0.09987834049370184,9.971247136260681,1.847697354613424
82,20.0,9.782167692060957,1,449.1063063777505,532.1956757399754,20.526320597275134,19.742849495330237,0.2571505046697631,-0.10028835774849827,9.952339191840709,2.205724179466202
83,20.0,9.770957263601003,1,459.3353491141495,543.4018142027345,20.59349711291179,19.98392590137146,0.0160740986285397,-0.10047889051247735,9.934200999016738,2.0222096014650655
84,20.0,9.282496212646576,1,470.05285290150294,555.0475676113526,21.32783340852488,21.004013455445197,-1.0040134554451967,-0.1006623481947846,9.869030520379722,2.0446991855561247
85,20.0,10.292183488471348,1,479.7606694130316,565.7846024717285,18.92799603748478,17.862639038389155,2.1373609616108453,-0.10132707543410494,9.911345817188884,2.2484416881002502
86,20.0,9.718358595878366,1,490.04231081715324,577.0380797354379,20.214712465763977,21.160120410031325,-1.1601204100313254,-0.10089447169381746,9.892047095057832,1.7186563413539302
87,20.0,10.007496471236612,1,500.03481434591663,588.031332911325,19.30535836963512,19.48705972699479,0.51294027300521,-0.10109131005852269,9.903592032675709,2.1656825705938445
88,20.0,10.288447995343546,1,509.7463663505731,598.7717297155158,19.083409262454143,19.459740263155236,0.5402597368447637,-0.10097346464804088,9.942077628942492,1.9465831457673428
89,20.0,10.267918705617966,1,519.4784476449552,609.5306028804596,19.19112258815426,20.058400350253734,-0.058400350253734246,-0.10058259825782177,9.97466173661004,1.889510471317454
90,20.0,10.399231065383672,1,529.0792165795715,620.1712949216143,19.15541886313788,19.725497752439765,0.27450224756023545,-0.1002540262924101,10.017118669487404,1.9552313502771275
91,20.0,9.940908709294346,1,539.1383078702771,631.2244770832493,20.306204336958057,20.89207066927666,-0.8920706692766593,-0.09982910585316765,10.009497673468099,1.8945377765671074
92,20.0,9.746021012773507,1,549.3922868575036,642.4530581717531,20.77670956886117,20.42233228201476,-0.4223322820147608,-0.09990511338552709,9.983150007398638,2.1003174896127845
93,20.0,9.95216907345616,1,559.4401177840474,653.4961060056426,20.433267814156427,19.56608745373805,0.43391254626195064,-0.10016878432748054,9.980051914004392,2.095648162158264
94,20.0,8.987599339625183,1,570.4525184444223,665.40726659998,22.291647751848338,21.891562668990108,-1.8915626689901082,-0.10019987958146406,9.88080665656647,1.966545694446259
95,20.0,9.131732516546148,1,581.3207859278762,677.1887073350885,21.726097237162175,20.061870288987105,-0.061870288987105226,-0.10120631186882215,9.805899242564438,2.390531297368699
96,20.0,9.206380232587358,1,592.1144056952888,688.9029651257598,21.300445833362737,19.680126957640596,0.3198730423594043,-0.10197942843011307,9.74594734156673,2.2138715560761097
97,20.0,9.401651903439111,1,602.7127537918498,700.4414784126647,20.308579606130273,19.533551895960624,0.466448104039376,-0.10260675180697651,9.711517797753968,2.1428760890743446
98,20.0,10.239864536034062,1,612.4728892558157,711.225600330234,18.126507173856055,18.232706714213567,1.7672932857864332,-0.10297051612583927,9.764352471581978,2.080188180887494
99,20.0,9.456712566783963,1,623.0161766890318,722.7145590201284,19.738846406115638,21.50274908098915,-1.502749080989151,-0.10241334516655198,9.733588481102176,1.7691092454250126
100,20.0,9.773102467576367,1,633.2430742214555,733.9187667993097,19.046659920495944,19.50836767111978,0.49163232888021824,-0.10273703289814505,9.737539879749594,2.250501463873811
101,20.0,10.77953697867164,1,642.4635372427838,744.2171835185052,17.51371676474238,17.943095780353534,2.0569042196464657,-0.10269534321288094,9.841739589641799,2.0005749721379718
102,20.0,9.786241617363144,1,652.6772956254207,755.4095660628783,19.834568372112443,21.942103873933878,-1.9421038739338776,-0.10160805321982677,9.836189792413935,1.6350497496434229
103,20.0,10.442509341080251,1,662.2347862843404,766.0113076559061,18.641503458347763,18.630295177182806,1.3697048228171944,-0.10166538274518049,9.896821747280566,2.2323952926758426
104,20.0,9.439829391994074,1,672.7949568923464,777.5154612031114,21.263562870082062,21.989613174114197,-1.9896131741141971,-0.10104253926517152,9.851122511751917,1.7628159696595342
105,20.0,9.876737465279422,1,682.9182194270669,788.6263974843599,20.269964369153065,19.266045871005527,0.7339541289944727,-0.10151127435549075,9.853684007104668,2.3007159381314786
106,20.0,9.429986767053652,1,693.4882326600133,800.1394093940116,21.440525960142107,20.841040316041628,-0.841040316041628,-0.1014848861886563,9.811314283099566,1.9538739565719132
107,20.0,9.796580154459663,1,703.6916525055536,811.3224872549979,20.286306111378973,19.31702427158536,0.6829757284146396,-0.10192314415231253,9.809840870235577,2.1970948744453405
108,20.0,10.504184882474437,1,713.1874676230792,821.8687208607708,18.790367161498192,18.570505127994533,1.429494872005467,-0.1019384527463783,9.879275271459463,1.9750717809817946
109,20.0,8.963607746084591,1,724.2238598769947,833.8014738892947,21.705217525910214,22.832888032568405,-2.8328880325684054,-0.10122199984536621,9.787708518921976,1.7557235369096227
110,20.0,10.260654186127514,1,733.9632056908671,844.5668851217799,18.773734353715803,17.474758052802507,2.525241947197493,-0.10216895998351007,9.83500308564253,2.4713950514042557
111,20.0,10.142641361399367,1,743.8205643294677,855.4385078965205,19.597713762896905,20.447074815243294,-0.44707481524329395,-0.10167764984841071,9.865766913218213,1.6788213869380004
112,20.0,9.643510026581923,1,754.1770543028858,866.7593488725968,20.240940974451778,20.953984213897105,-0.9539842138971046,-0.10136059454842726,9.843541224554585,2.0213688322627674
113,20.0,9.132365287366927,1,765.0446890155189,878.5402201139666,21.49533583073267,21.146116692939863,-1.146116692939863,-0.10158945619138701,9.772423630835819,2.168974509633123
114,20.0,10.043277704628322,1,775.0014113108906,889.501270179801,19.487750723264206,17.99165672556733,2.0083432744326686,-0.10232876078402996,9.799509038215069,2.305468458439826
115,20.0,9.682304374561719,1,785.3191069363289,900.7871962426955,20.31509302701214,20.707976508373726,-0.7079765083737257,-0.10204592863788459,9.787788571849733,1.7850792072394412
116,20.0,10.139605726812823,1,795.179501209516,911.6615510885639,19.02086999016187,19.120311624116894,0.8796883758831058,-0.10216812435814766,9.822970287346042,2.129043817470255
117,20.0,10.013111287314066,1,805.166389922202,922.6497509299812,19.55363987209205,20.288421765063916,-0.2884217650639158,-0.10180220144696975,9.841984387342846,1.8807231157923618
118,20.0,10.96106733479255,1,814.2053225874095,932.7847903286679,17.610097729991764,18.072098898662734,1.927901101337266,-0.10160552594312554,9.953892682087817,2.026839375019828
119,20.0,9.856386623516185,1,824.3489359638933,943.9140423675034,20.318057980382886,22.18829572269189,-2.1882957226918904,-0.10046320891117455,9.944142076230655,1.6115239572759805
120,20.0,9.385901504426881,1,834.9630344594664,955.4667310135192,21.236626263177286,21.133818804994824,-1.1338188049948243,-0.10056171687151234,9.888318019050278,2.2432024145753795
121,20.0,10.10756538097379,1,844.8554690784925,966.3699221706428,20.071317756759044,18.367364930315887,1.6326350696841132,-0.10112943354708619,9.91024275524263,2.2524171762998337
122,20.0,10.13199801038306,1,854.7234710681095,977.251123961298,20.022894857380788,20.01801661239473,-0.018016612394731624,-0.10090570177718289,9.932418280756673,1.8110296013794247
123,20.0,10.815512545144262,1,863.9079585229651,987.5171626706682,18.407004969443193,18.625920366766263,1.3740796332337375,-0.10068041555775255,10.020727707195432,1.9779086896101539
124,20.0,10.501066747548748,1,873.4068917754164,998.0662025978743,19.353569457806056,20.757564273645887,-0.7575642736458867,-0.09979315167719258,10.068761611230762,1.7015753277914714
125,20.0,10.214122635489705,1,883.1927691399267,1008.8734922259335,19.86694952601899,20.431676871926925,-0.43167687192692483,-0.09931707975731528,10.083297713656657,1.9899787898664147
126,20.0,10.877981734731737,1,892.3147874051949,1019.0833086646751,18.888479643115396,18.673525509937043,1.3264744900629566,-0.09917390405379145,10.162766115764164,2.0002011303732403
127,20.0,9.28674216740629,1,903.0280452377887,1030.7252407140095,22.15615897758519,22.94305640443438,-2.9430564044343797,-0.09839840734392494,10.075163720928376,1.6938630169697122
128,20.0,9.616149080350151,1,913.4118961574385,1042.0707065416943,21.349219365746976,19.739998930352723,0.2600010696472772,-0.09925397022807436,10.029262256870554,2.4129261391647194
129,20.0,9.444054435156685,1,923.9678417222818,1053.5710575500534,21.797355723341038,20.22200803615158,-0.22200803615157838,-0.09970823121261478,9.970741474699167,2.0666961449886356
130,20.0,9.76611411810654,1,934.2017276041753,1064.7815548437575,20.522521913904015,19.350230229863715,0.6497697701362846,-0.10029344382637015,9.950278739039904,2.1371630060712925
131,20.0,9.173988311466214,1,945.027739292709,1076.5249653634378,21.4701120650445,21.14276644556936,-1.142766445569361,-0.10049969716692472,9.872649696282537,1.9846835603155875
132,20.0,10.381090568088643,1,954.6466487246204,1087.181983852158,18.352138303536762,17.477119727248155,2.522880272751845,-0.10128993033922207,9.923493783463147,2.279687915551873
133,20.0,9.866666381740735,1,964.7799823428796,1098.3019841085913,19.669450528861425,21.109403802360546,-1.1094038023605464,-0.10077096049240586,9.917811043290905,1.658890175427206
134,20.0,9.117516223298406,1,975.6624661195813,1110.0962195076227,20.906238199599414,21.65282178815447,-1.6528217881544691,-0.10082870057062332,9.837781561291655,2.1339783267385677
135,20.0,9.390652551275474,1,986.2718135683058,1121.6446322114748,20.585823068191935,19.52536709125429,0.4746329087457113,-0.10164893312275422,9.793068660290036,2.356327696725905
136,20.0,10.188108308470117,1,996.0837052598357,1132.4753347338517,18.890228660064675,18.180098176849725,1.8199018231502748,-0.10211303879190647,9.832572625108044,2.0951160184132207
137,20.0,10.50287594073663,1,1005.580829319099,1143.0227463871888,18.320436649563124,19.532241452790533,0.46775854720946697,-0.10170278299765029,9.899602956670902,1.775500046775884
138,20.0,11.198038535015073,1,1014.3827907840839,1152.9445117056753,17.11600950831453,18.665098190128116,1.3349018098718837,-0.10101415222174587,10.029446514505318,1.8634641412791249
139,20.0,11.748317479604397,1,1022.6344733044795,1162.3710259740312,16.954911421018316,19.354957814027536,0.6450421859724642,-0.09970639940636075,10.201333611015226,1.6436515619895231
140,20.0,10.248645659965598,1,1032.3858276445137,1173.147244880062,20.197080187427158,22.45077646454207,-2.45077646454207,-0.09802639910925147,10.206064815910263,1.6494063616150243
141,20.0,9.406277127980882,1,1042.9795505165328,1184.6815954648794,22.138484877979113,21.765266406268978,-1.765266406268978,-0.09798095720900157,10.126086047117326,2.1991176505676027
142,20.0,8.720772231561215,1,1054.2587782849716,1196.8329004564744,23.962863334501616,21.664799957389544,-1.664799957389544,-0.09875483926829537,9.985554665561716,2.304895244957108
143,20.0,10.160626877406301,1,1064.0981514075654,1207.6883362668086,20.397263787085105,16.653711450168615,3.3462885498313852,-0.10014466231393337,10.003061886746176,2.461569429622191
144,20.0,9.512235342813804,1,1074.5859160647517,1219.1273244582762,21.452124621903348,21.187443143282852,-1.1874431432828523,-0.099969390504819,9.953979232352939,1.6259341521202
145,20.0,9.750785643892188,1,1084.8351304208595,1230.3516173787732,20.037459375730595,19.749359656947913,0.25064034305208693,-0.10046233537937754,9.933659873506864,2.198600632736048
146,20.0,9.632741920564115,1,1095.2023885002955,1241.6821496502655,20.232744523873777,20.199123639658406,-0.1991236396584064,-0.10066783166866893,9.90356807821259,2.029560864238809
147,20.0,9.915525468150168,1,1105.2868630321452,1252.7581767289303,19.332265967686443,19.429632520656583,0.5703674793434175,-0.10097370887972745,9.904763817206348,2.0946435149317977
148,20.0,10.639588138472586,1,1114.6472748936726,1263.1825474043048,17.974617928179264,18.574877543759953,1.4251224562400466,-0.10096151896755186,9.978246249332972,1.9601092359474102
149,20.0,10.094229140467206,1,1124.5530457532054,1274.0977411778842,19.30813242183109,21.093582508971004,-1.0935825089710036,-0.10021801176402599,9.989844538446395,1.7318107991731044
150,20.0,9.904819097776787,1,1134.6482266554287,1285.1834039898852,19.805849259575975,20.36130330436336,-0.36130330436336067,-0.10010165785377861,9.981341994379434,2.093150717842102
151,20.0,9.378607748304512,1,1145.2696189071241,1296.7426570164112,21.24764536886674,21.077754096445933,-1.0777540964459327,-0.10018692882811822,9.921068569771942,2.0561206658209534
152,20.0,8.995190233177386,1,1156.2744286739467,1308.6469858065516,22.09861284473899,20.96092316759561,-0.9609231675956096,-0.10079559403982502,9.828480736112486,2.236398609409333
153,20.0,9.708215254556002,1,1166.5662134193906,1319.9095920774512,20.398201854144514,18.413741151087304,1.5862588489126956,-0.10174512489257172,9.816454187956838,2.3224847642234816
154,20.0,9.967730469509007,1,1176.5984829498816,1330.9386346548931,19.60896068921022,19.413505242394418,0.5864947576055819,-0.10186977709597364,9.831581816112056,1.906174727217399
155,20.0,11.06075794814793,1,1185.5377250017336,1340.98395250156,17.035657440211367,17.883773343462124,2.116226656537876,-0.10171303241978762,9.954499429315643,1.9464969760537383
156,20.0,10.078164712883732,1,1195.4595602888498,1351.9136042599646,19.409252350762536,21.95086186454804,-1.9508618645480382,-0.10045708547182552,9.966865957672452,1.580933824046928
157,20.0,10.589643706613835,1,1204.869916582236,1362.382924924012,18.394433328161853,18.829673005953243,1.170326994046757,-0.10033244193779933,10.02914373256659,2.1833774109089523
158,20.0,9.700422640876509,1,1215.1694939413596,1373.6525445472232,20.908738367441945,21.80964211335121,-1.8096421133512095,-0.09970940956333137,9.996271623397583,1.7545659114770422
159,20.0,9.289033740149785,1,1225.8804602012099,1385.2924141810884,21.737613599619756,21.061707171749667,-1.0617071717496671,-0.10003729767200094,9.925547835072804,2.2335945289899426
160,20.0,9.420929942660576,1,1236.4595302585492,1396.813577232694,21.613173364898422,19.716064208568213,0.28393579143178727,-0.10075010635346608,9.87508604583158,2.265768145299805
161,20.0,9.564864361278548,1,1246.8946658972707,1408.2051993075431,20.978108470524084,19.606404534507014,0.39359546549298585,-0.10126494041255618,9.844063877376279,2.1024511079813277
162,20.0,11.277081839461099,1,1255.6175840578096,1418.055825652028,16.898906607926776,16.471447298668146,3.5285527013318543,-0.10158406248238692,9.987365673584762,2.051502114215784
163,20.0,9.507167992465368,1,1266.1104160653442,1429.4993744588091,20.659049896641907,23.306826642598523,-3.306826642598523,-0.10012650309228843,9.939345905472823,1.3847047476706906
164,20.0,10.503093522241807,1,1275.6073225431023,1440.0465902887915,18.29652006184317,18.08949449644244,1.9105055035575589,-0.10061024231477626,9.995720667149723,2.4009433118685237
165,20.0,9.458243693147784,1,1286.1490788499545,1451.5341709649585,21.252621565028065,22.12324371661324,-2.1232437166132385,-0.10004281164903238,9.941972969749528,1.6880777550060668
166,20.0,10.558943807724546,1,1295.59013504223,1462.0311215380063,18.676406239872335,17.784706182492744,2.2152938175072556,-0.10058365709127384,10.00367005354703,2.3050162949361743
167,20.0,10.230970579663518,1,1305.3591644625665,1472.8232480163092,20.052920533362627,20.90652635960621,-0.906526359606211,-0.09996331292888125,10.026400106158679,1.6497144324152313
168,20.0,9.906017261405145,1,1315.4531472011613,1483.9078324810446,20.335780497884432,20.576304187523263,-0.5763041875232631,-0.09973669406886662,10.014361821683327,2.052310392319986
169,20.0,9.975542484318739,1,1325.4776047168425,1494.9298442451577,20.414554854229113,19.85873898737633,0.1412610126236693,-0.09985658774928394,10.010479887946868,2.076835944783388
170,20.0,9.607127382742366,1,1335.8704773341,1506.2834296006895,21.099598051035787,20.731254720375986,-0.7312547203759863,-0.09989531083360463,9.970144637426419,1.9909681120039835
171,20.0,10.267643320889249,1,1345.602834013211,1517.042550611889,19.53628272463761,18.639761653159567,1.3602383468404327,-0.10029944763751479,9.999894505772703,2.151564129839986
172,20.0,9.727009911795532,1,1355.8758241014154,1528.288241691273,20.669492658372594,21.068992562224192,-1.0689925622241923,-0.10000105495340211,9.972606046374985,1.806389553446229
173,20.0,9.264636541739652,1,1366.6111875596757,1539.9500688037074,21.331390074357067,21.089752493962827,-1.089752493962827,-0.10027469202631316,9.901809095911451,2.156505544308142
174,20.0,9.23323745540823,1,1377.3779501042675,1551.64015509384,21.379825839767836,20.142884349982346,-0.14288434998234578,-0.10099164610363062,9.83495193186113,2.268637435692848
175,20.0,10.103552750633272,1,1387.2743973536342,1562.54695761827,19.221567332950734,18.031472928562348,1.9685270714376522,-0.10167817869657485,9.861812013738346,2.188478841765249
176,20.0,10.94745475384626,1,1396.326942599788,1572.6942483398084,17.48712706581527,18.56989133386581,1.4301086661341884,-0.10140124336246875,9.970376287749136,1.777726606986792
177,20.0,10.095994968144064,1,1406.2309476316439,1583.6078528684786,19.25685531215331,21.52651238303731,-1.5265123830373106,-0.10029711729423155,9.982938155788629,1.6881326708863809
178,20.0,9.928817004334071,1,1416.3021306273097,1594.671917564578,19.711832164997887,20.31154047768904,-0.31154047768903936,-0.1001709100461719,9.977526040643173,2.1367069104091287
179,20.0,10.171495683761526,1,1426.130634943548,1605.5175714491927,19.74367846552452,19.49624648142875,0.5037535185712514,-0.10022524581008638,9.99692300495501,2.046433940830477
180,20.0,10.783601045024096,1,1435.347033898524,1615.812330508671,18.725728551794607,18.85089471679508,1.1491052832049213,-0.10003077942126258,10.07559080896192,1.914513684105562
181,20.0,10.131629500818313,1,1445.2154043977057,1626.6938639579346,20.248927444536026,21.263094300751792,-1.263094300751792,-0.09924976301246093,10.08119467814756,1.7359300806077398
182,20.0,9.753443661499757,1,1455.461960736206,1637.9157646625847,20.92761018377231,20.75704310549697,-0.7570431054969688,-0.09919459269719728,10.048419576482779,2.1024421637046364
183,20.0,10.663773226035934,1,1464.79818751017,1648.3183687591525,19.215887933731114,18.073314615637944,1.926685384362056,-0.09951813739350515,10.109954941438094,2.1271765639648073
184,20.0,10.257253863076969,1,1474.540933647093,1659.0868402823833,20.204756719098153,20.96184962493885,-0.96184962493885,-0.09891240918406652,10.12468483360198,1.6682306218719245
185,20.0,10.921453595197596,1,1483.6194800518954,1669.2575320467054,18.60360858551166,18.55010317926377,1.4498968207362317,-0.09876850651994445,10.204361709761542,2.052084573753994
186,20.0,10.109940662333143,1,1493.5095393895622,1680.1585854506056,20.60693223459237,21.678392163233863,-1.6783921632338625,-0.09799731021327822,10.194919605018702,1.6688239406675514
187,20.0,9.2653185809677,1,1504.2442208085945,1691.8197987277347,22.07063795421155,21.7923955781711,-1.7923955781710994,-0.09808807119064727,10.101959502613601,2.1462830890576683
188,20.0,9.179104480452601,1,1515.0651163281418,1703.5586046953274,22.362382635545792,20.35814096977522,-0.3581409697752207,-0.0989906957893939,10.009674000397501,2.335113915964382
189,20.0,10.99055675933875,1,1524.0745595688031,1713.6671036119226,18.035072282182615,15.877028156278858,4.1229718437211424,-0.0999033534918608,10.107762276291625,2.2274679390281658
190,20.0,11.034199432469979,1,1533.0403601363332,1723.7363241226997,18.384599983681365,20.744118924549333,-0.7441189245493334,-0.09893386613826101,10.200405991909461,1.3714551132000026
191,20.0,9.89228847203044,1,1543.1480716643027,1734.8332644978723,20.097083994158314,21.64098095601105,-1.6409809560110489,-0.0980353135741027,10.16959423992156,1.931114122131668
192,20.0,9.770087607318407,1,1553.3779840569844,1746.0401856512858,20.65317397712994,20.32106877365525,-0.32106877365524866,-0.09833234015123431,10.129643576661245,2.1821618228260156
193,20.0,10.876866575345321,1,1562.501117481639,1756.251005733475,18.651881885885217,17.676883927189884,2.323116072810116,-0.09872015658122518,10.204365876529652,2.0818665641990237
194,20.0,9.335772590773907,1,1573.165344890865,1767.8488104017786,21.837362253321146,22.834974925829773,-2.8349749258297727,-0.09799727019785032,10.117506547954077,1.5897890460643453
195,20.0,9.463163788626504,1,1583.7021811022385,1779.3319629920147,21.330709945322308,20.257729920485207,-0.2577299204852075,-0.09883858194311879,10.05207227202132,2.3858030474416476
196,20.0,10.385996076813427,1,1593.316185025425,1789.9845665228827,19.51862521130186,17.88922292747465,2.1107770725253516,-0.0994819747549343,10.085464652500532,2.1537180283504918
197,20.0,9.763236926284247,1,1603.5529480991408,1801.1976532892268,20.560290237138144,21.21773138330995,-1.2177313833099497,-0.09915259578566524,10.053241879878904,1.7075783031836798
198,20.0,9.996926879967956,1,1613.5560212191729,1812.2004190972557,19.73268999898224,19.60880033221697,0.39119966778303095,-0.09947040088644972,10.047610379887809,2.1615573776370614
199,20.0,9.901934260885293,1,1623.6540869582875,1823.288678262459,20.085255631643424,20.183882054243295,-0.18388205424329485,-0.09952615220845834,10.033042767987558,1.961729674848091
200,20.0,10.20254472927936,1,1633.451542229008,1834.1063880061074,19.340631509846556,19.395528974500667,0.6044710254993326,-0.09967066054883184,10.049992964116738,2.037565492860229
201,20.0,10.84448911678823,1,1642.6070531122198,1844.346347800998,18.268119194439155,18.806357920849486,1.1936420791505142,-0.09950255722272407,10.129442579383888,1.8985837720817402
202,20.0,10.054350944141047,1,1652.5527021680787,1855.2974319512712,20.020211193690464,21.494496999061482,-1.4944969990614823,-0.09872211547309288,10.121933415859605,1.7218277955451824
203,20.0,10.386363275966115,1,1662.1663388921127,1865.9497050029017,19.393819098261986,19.28542921672371,0.7145707832762902,-0.09879535449552995,10.148376401870257,2.1382910641811668
204,20.0,8.769896739381387,1,1673.3964421527312,1878.0567979374584,22.911321651011164,23.08767584373382,-3.0876758437338196,-0.09853792965500459,10.01052843562137,1.846971960371389
205,20.0,9.97076895884193,1,1683.4256731938892,1889.0831058745007,20.194963416036124,17.805400571458854,2.194599428541146,-0.09989482637516012,10.006552487943427,2.535639465384966
206,20.0,9.494061837824278,1,1693.9316113560649,1900.5384502204588,21.369150981491742,20.829109404697647,-0.8291094046976468,-0.09993451802754923,9.955303422931513,1.7880957020026749
207,20.0,9.268712163745823,1,1704.662899192319,1912.1966092730875,21.18086189759307,20.681248441468423,-0.6812484414684228,-0.10044897252418777,9.886644297012944,2.173749773138574
208,20.0,9.47310857984275,1,1715.1897906124761,1923.670811551229,20.585858803927245,19.576397733672263,0.42360226632773745,-0.10114655387188658,9.845290725295925,2.227869609000776
209,20.0,9.799525935579513,1,1725.3902646768965,1934.8512382092074,19.56768492440819,19.248666231900156,0.751333768099844,-0.10157140382159131,9.840714246324286,2.0743586613682443
210,20.0,10.549541525413607,1,1734.840723151483,1945.3566508363351,17.865155403707384,18.516327491570948,1.483672508429052,-0.10161864016867689,9.911596974233218,1.9652359953639196
211,20.0,9.204164369356262,1,1745.6365587821267,1957.0729029039144,20.664373141469248,22.479805504822714,-2.479805504822714,-0.10089191505664122,9.840853713745522,1.742311560638701
212,20.0,10.018378895556651,1,1755.61817988657,1968.0563618979133,19.017465239696246,18.52936545440923,1.4706345455907694,-0.10161719999995716,9.858606231926634,2.3906502539084418
213,20.0,9.709498339999852,1,1765.9086815465703,1979.3178133919134,20.22694441549957,20.601421618010942,-0.6014216180109422,-0.10143421660980301,9.843695442733956,1.8464335858157799
214,20.0,9.803396143382823,1,1776.1052854031875,1990.4947568628688,19.857209908080133,19.86982353733865,0.13017646266134975,-0.101587864620308,9.839665512798843,2.114736340086173
215,20.0,10.601654695182763,1,1785.5036307080047,2000.9532676372044,18.463881145228246,18.365991511581136,1.6340084884188641,-0.10162947091029266,9.915864431037235,2.0283467669936974
216,20.0,10.322869262202355,1,1795.1807614458023,2011.6626853012222,19.255068084785737,20.68109687097506,-0.6810968709750611,-0.10084849454677311,9.956564914153748,1.7131762682842553
217,20.0,10.802438864465646,1,1804.3783225813368,2021.940490323203,18.36778291740996,18.934776145974805,1.065223854025195,-0.10043624569538542,10.041152309184938,2.0130936168992575
218,20.0,9.90729659245006,1,1814.4710259888866,2033.023923389998,20.600416115068672,21.77161601265065,-1.7716160126506502,-0.09959016348006897,10.027766737511449,1.7323757266339934
219,20.0,9.582434432997578,1,1824.888591555889,2044.3997324003,21.2544990001134,20.759917307185155,-0.7599173071851553,-0.09972310148173291,9.983233507060062,2.192730756717802
220,20.0,9.8656847098717,1,1835.0229068460173,2055.520616161416,20.857461104567015,19.374267484296674,0.6257325157033264,-0.10016794651680822,9.971478627341225,2.167680242354572
221,20.0,10.145498074762733,1,1844.8774087712545,2066.3896678941296,20.096047945847268,19.424535143841013,0.5754648561589875,-0.10028602952204671,9.988880572083376,1.966363030522995
222,20.0,10.105944015072227,1,1854.7714647561822,2077.2943182805648,19.960266296653884,20.08398917369348,-0.08398917369348169,-0.10011131805847895,10.000586916382263,1.9137792512310197
223,20.0,9.34936715665998,1,1865.4220975995222,2088.879887839571,21.308615782649856,21.496296558594118,-1.4962965585941177,-0.099994131180628,9.935464940410034,1.988123078668325
224,20.0,10.054293868976725,1,1875.3678037305456,2099.831023357492,19.676322215318283,18.572955148777606,1.4270448512223943,-0.10064954242178929,9.947347833266702,2.2799553811081847
225,20.0,10.136936998083343,1,1885.2308667324623,2110.707780059217,19.644462572505606,19.878807142560905,0.12119285743909458,-0.10052930859175563,9.966306749748366,1.8441614079037216
226,20.0,11.510484422520353,1,1893.720382309942,2120.3483440789487,16.676474486137796,17.288487536742537,2.7115124632574634,-0.10033807157553609,10.120724517025565,1.962586349677884
227,20.0,11.126106766769002,1,1902.594275543173,2130.3348479888564,18.38460295144911,21.315430812522187,-1.3154308125221874,-0.0988071553887029,10.221262741999908,1.4356375558005623
228,20.0,9.488053989664708,1,1913.1062215535082,2141.795599398158,21.304792777336523,22.652168527608822,-2.652168527608822,-0.09783526998977608,10.147941866766388,1.9670274120745062
229,20.0,9.827569983070495,1,1923.2786515704377,2152.950786413395,21.125492162657658,19.438941420399253,0.561058579600747,-0.09854214905141619,10.115904678396799,2.3620515699402733
230,20.0,9.121934798897797,1,1934.1567167715398,2164.7410450943867,22.758876450106886,21.32947583697933,-1.3294758369793307,-0.09885423318940202,10.016507690446899,1.9852658435585495
231,20.0,9.645575791621908,1,1944.5111409799179,2176.060026881927,21.16584563546749,19.07667176623672,0.9233282337632787,-0.09983519515027535,9.9794145005644,2.3070477648489645
232,20.0,10.189363002154204,1,1954.3217779777638,2186.8896001799885,19.711671254974668,18.80754183110455,1.192458168895449,-0.10020627963127932,10.000409350723382,1.9892440705907652
233,20.0,10.72351217253294,1,1963.5982658052308,2197.238439224709,18.20939814195908,19.0431422655376,0.9568577344623996,-0.09999590666032733,10.072719632904338,1.843090141324334
234,20.0,9.562549697353836,1,1974.0357161078769,2208.6321444970904,20.491673384205015,22.101601261083616,-2.1016012610836157,-0.09927805363839587,10.021702639349288,1.7716552112813668
235,20.0,9.607512135959322,1,1984.4282039719176,2219.985383574727,20.39647234026235,20.127240689196842,-0.12724068919684228,-0.0997834435910713,9.980283589010291,2.2872061217222295
236,20.0,8.711626582156807,1,1995.7165773897607,2232.144919650786,22.539641797369775,21.810877924455752,-1.8108779244557525,-0.10019755361472313,9.853417888324943,2.1025192703113267
237,20.0,9.902400447673056,1,2005.8141769420877,2243.2327592478805,19.664773480323813,17.503805127016197,2.4961948729838035,-0.10148762706845854,9.858316144259753,2.4546646973008874
238,20.0,9.362551352884262,1,2016.4516255892033,2254.8064630302847,20.820310835159656,20.925063615627458,-0.9250636156274581,-0.10143720138071192,9.808739665122205,1.7707503955405732
239,20.0,9.682336343580356,1,2026.769289245623,2266.092360321062,19.58621116505033,19.554342664352035,0.44565733564796517,-0.10194989714690743,9.796099332968021,2.207186384869265
240,20.0,9.473883533099446,1,2037.2954057125235,2277.5658651412728,20.13961440467147,20.373319643936853,-0.3733196439368527,-0.10208144752417696,9.763877752981164,2.0246209438190106
241,20.0,9.943442467448465,1,2047.351963245075,2288.6167669205693,18.97437228064704,19.047087462883386,0.9529125371166138,-0.10241832449148333,9.781834224427895,2.144753414209262
242,20.0,8.945362965186021,1,2058.406600279889,2300.565940251902,21.19384998655241,21.91927891887739,-1.9192789188773887,-0.10223031560918591,9.698187098503707,1.9147136466865342
243,20.0,9.119772852765406,1,2069.2868274271236,2312.3581446844128,20.80699622829211,20.033341735295668,-0.033341735295667974,-0.1031120548452077,9.640345673929877,2.399833585432471
244,20.0,11.277548267216979,1,2078.009279159907,2322.2083512439176,16.194941742680935,15.056973301646284,4.943026698353716,-0.10373072022762343,9.804065933258588,2.2146984292901575
245,20.0,9.22754645123558,1,2088.7817327086714,2333.9035594378056,20.656170897180495,23.865064114859898,-3.865064114859898,-0.10199849805249411,9.746413985056288,1.212880286859761
246,20.0,9.341928652927216,1,2099.439804055744,2345.495823650171,20.336677688030846,20.601307091068644,-0.6013070910686444,-0.10260183915163591,9.70596545184338,2.4902520548047375
247,20.0,11.102148116992788,1,2108.337655938751,2355.5038903448776,17.36850606035897,15.889827471322885,4.110172528677115,-0.103029420922787,9.84558371835832,2.2258286738151805
248,20.0,11.743040301544244,1,2116.594615637207,2364.935154073488,16.88917520115376,20.18683268381933,-0.18683268381932905,-0.10156838117534618,10.035329376676913,1.3372171417514909
249,20.0,9.297060022704795,1,2127.297555614502,2376.5678000530534,21.370054867357098,23.58660515712212,-3.5866051571221185,-0.09964795000392293,9.961502441279702,1.7855351569374625
250,20.0,9.779050625927182,1,2137.518504988575,2387.766654489719,20.826094803355847,19.280197749734324,0.7198022502656762,-0.10038646337685736,9.94325725974445,2.485559011520429
251,20.0,10.204933330564305,1,2147.3135716580105,2398.582214492211,20.520910438992708,19.0486390370936,0.9513609629063993,-0.10057066551506491,9.969424866826436,1.9825272794331892
252,20.0,11.037218586643355,1,2156.276353071367,2408.6487177642316,18.553447813859464,18.47588675405111,1.5241132459488895,-0.10030668903755224,10.076204238808128,1.8639435399003985
253,20.0,9.407885752943058,1,2166.868467318424,2420.181620586583,21.75302763725617,22.901981966121312,-2.901981966121312,-0.09924372078014626,10.009372390221621,1.6554096421778755
254,20.0,9.852833292434735,1,2177.015634025989,2431.3140706233917,20.572539703267477,19.37395176628098,0.6260482337190183,-0.09990636385723067,9.993718480442933,2.387945629599333
255,20.0,10.466402545637047,1,2186.549231480352,2441.8943083323184,19.61327429026631,18.728989112546547,1.2710108874534534,-0.1000628546778595,10.040986886962346,1.9724984361833429
256,20.0,10.260859644679972,1,2196.288371835672,2452.6595346521062,19.779047503107638,20.450089515794367,-0.4500895157943674,-0.09959180419789648,10.062974162734108,1.7814199033732403
257,20.0,9.77430635726194,1,2206.51406547841,2463.8626589305704,20.62486711077643,20.918511179487396,-0.9185111794873961,-0.09937419930016994,10.03410738218689,1.998257228943489
258,20.0,9.919706221290376,1,2216.59435925712,2474.934923331409,20.319513970321196,19.72368696189627,0.27631303810373,-0.09966008553737983,10.02266726609724,2.136638298027546
259,20.0,9.175062514978011,1,2227.419296742142,2486.677367067929,21.84382610439933,21.469101276028606,-1.4691012760286064,-0.09977383998195855,9.937906790985318,1.989587063419743
260,20.0,9.857095753615202,1,2237.5622009885265,2497.8059808896755,20.112147256577128,18.679924340515452,1.320075659484548,-0.10062481174678561,9.929825687248307,2.3119565341703177
261,20.0,9.840167505994627,1,2247.722033482532,2508.9498301342805,20.133073814385337,19.98263806167127,0.017361938328729565,-0.10070670236277973,9.920859869122939,1.9000983740829418
262,20.0,10.139301933775753,1,2257.5827315487563,2519.824458393882,19.13697615087979,19.41385038924894,0.5861496107510611,-0.10079771443121953,9.942704075588221,2.0286197024968917
263,20.0,9.66680366870859,1,2267.9159278800475,2531.1243350920445,20.192108877654427,20.923302409425663,-0.9233024094256628,-0.10057626098469988,9.915114034900258,1.9127881990276796
264,20.0,10.282923113527083,1,2277.6330047665206,2541.8697042898702,18.85342301438784,18.744537469513133,1.2554625304868665,-0.10085612696738486,9.951894942762939,2.156854106079679
265,20.0,10.607629490691897,1,2287.0253752758285,2552.3228377482474,18.636667416179048,19.51476685495375,0.4852331450462515,-0.10048337585468628,10.017468397555835,1.8128244987660385
266,20.0,10.09325759660108,1,2296.9321176792273,2563.2389059113066,19.728777870767974,20.928954127217782,-0.9289541272177821,-0.09982562063724507,10.02504731746036,1.8414087374520955
267,20.0,10.211053845039523,1,2306.7210638341876,2574.048957450771,19.69115036013141,19.736006011106614,0.263993988893386,-0.09975015262604561,10.043647970218275,2.0754907806510676
268,20.0,10.03189320854672,1,2316.689170625641,2585.0202535630788,20.34925262442475,20.375341973550984,-0.3753419735509844,-0.09956541716368693,10.04247249405112,1.9299112974070753
269,20.0,10.000050635854848,1,2326.6891199897864,2596.0202079908095,20.397057047484285,20.06303563967416,-0.06303563967415826,-0.09957707134297575,10.038230308231494,2.031220348129812
270,20.0,9.567065179874291,1,2337.1220548099122,2607.4098493289225,21.281845588986425,20.86892674827667,-0.8689267482766709,-0.09961915290785722,9.991113795395774,2.0062692717694737
271,20.0,10.189896557003985,1,2346.9321582529083,2618.238942427619,19.773737435543417,18.717840823436028,1.2821591765639724,-0.10008894108090652,10.010992071556595,2.1738283407416126
272,20.0,9.941628040951906,1,2356.9905302119564,2629.291477190762,20.30747338484258,20.518253018665156,-0.5182530186651562,-0.09989019997740457,10.004055668496125,1.8306446117077089
273,20.0,11.255900985358357,1,2365.734629226598,2639.16116630394,17.31380762549064,17.303068410968148,2.696931589031852,-0.09995945975681746,10.129240200182348,2.0624901229937302
274,20.0,10.944012941485145,1,2374.7906162851127,2649.311554656603,18.74085675923819,21.1637185604523,-1.163718560452299,-0.09872408791154916,10.210717474312629,1.474719550937015
275,20.0,10.231507931533901,1,2384.5591083535787,2660.1031975182227,19.909909691446092,20.958998460566363,-0.9589984605663631,-0.0979363107945868,10.212796520034756,1.9747548684993155
276,20.0,9.54216567418314,1,2395.0169426793955,2671.515248411458,21.697619654880818,21.414882533906002,-1.4148825339060025,-0.09791637364342562,10.145733435449594,2.0481845100990075
277,20.0,9.33255311680995,1,2405.6843895625857,2683.115950606329,22.210178476908872,20.573155838459236,-0.5731558384592361,-0.09856359881346384,10.06441540358563,2.2332288318730598
278,20.0,10.714685771853318,1,2414.969703790732,2693.472733411661,19.04252771312246,16.93650643242323,3.0634935675767707,-0.09935996875126318,10.129442440412399,2.2060049085272966
279,20.0,10.157649535088282,1,2424.812054255644,2704.330848830082,20.210167501675286,21.29468708189114,-1.2946870818911407,-0.09872211682751683,10.132263149879988,1.5399053980450355
280,20.0,10.288086042034966,1,2434.523968213609,2715.0715713922505,19.398242910770506,19.65367617598046,0.34632382401953876,-0.09869463368722757,10.147845439095486,2.1035021302786583
281,20.0,8.953248407815485,1,2445.5707198057935,2727.0136478252166,22.275191143811544,22.595291739024756,-2.5952917390247556,-0.09854308542652909,10.028385735967484,1.9052732215119907
282,20.0,10.556463088934908,1,2455.0142567168587,2737.512831045175,18.612553717049874,16.64508440183258,3.3549155981674197,-0.09971694610962484,10.081193471264228,2.4582293442955065
283,20.0,10.272652202928617,1,2464.74160451393,2748.267444062539,19.802872542133017,20.923621422632728,-0.9236214226327277,-0.09919460457240836,10.100339344430667,1.5304190844422667
284,20.0,9.333741589351312,1,2475.4078629245787,2759.867076632123,21.139493256078694,21.7920890690109,-1.792089069010899,-0.09900657452181551,10.02367956892273,2.049717379732114
285,20.0,9.71708511553003,1,2485.6907778090485,2771.121700028146,20.504762599741998,19.29363901247477,0.7063609875252297,-0.09976376370812824,9.99302012358346,2.3153496947946537
286,20.0,10.158230322613912,1,2495.532547486435,2781.9792927377935,19.59902447385085,19.029805590268165,0.9701944097318353,-0.10006984751686898,10.009541143486505,1.9948192528275261
287,20.0,10.031480079013747,1,2505.501067407421,2792.950960666681,19.719766167127936,20.255800850292648,-0.25580085029264765,-0.09990467951178048,10.01173503703923,1.8715089490384855
288,20.0,9.824697288517868,1,2515.6763701189034,2804.108733107015,20.054079743161562,20.41326670578684,-0.4132667057868389,-0.09988278717928695,9.993031262187094,2.019658576930995
289,20.0,9.937907039160423,1,2525.738463079743,2815.1646167717704,19.887259232566258,19.774612397504033,0.22538760249596734,-0.10006973597530186,9.987518839884427,2.076760652615886
290,20.0,9.84881357307587,1,2535.889649506667,2826.300684556002,20.140050905585703,20.17224006693245,-0.1722400669324493,-0.10012496757518725,9.973648313203572,1.9903282953958474
291,20.0,10.091537507261481,1,2545.7981119994056,2837.2183007994668,19.613263589391316,19.511224012073896,0.488775987926104,-0.10026421311408727,9.985437232609362,2.0473605771163887
292,20.0,10.882895183795894,1,2554.9152168156097,2847.4236951340504,18.14539671394791,18.482095843062147,1.5179041569378526,-0.10014584005738958,10.075183027728016,1.9323100897197931
293,20.0,8.460004935441221,1,2566.4552118801685,2859.8096906921533,22.89409258010255,24.27995098573359,-4.2799509857335885,-0.0992537800303865,9.913665218499336,1.6787395475186995
294,20.0,9.85788984129419,1,2576.597322038874,2870.9375898349886,19.998425398808948,17.759788214822557,2.2402117851774435,-0.10087086642122592,9.908087680778822,2.6902474259571707
295,20.0,10.105907452823468,1,2586.4914145860507,2881.8422731274472,19.974378538459575,19.446551556003897,0.5534484439961034,-0.10092764943329562,9.927869657983287,1.8121318391553412
296,20.0,10.17759639381226,1,2596.3138181922386,2892.682436373016,19.247492923603534,19.854055382476645,0.1459446175233552,-0.1007265440069382,9.952842331566183,1.9250612242237302
297,20.0,9.776851251207226,1,2606.5369669410316,2903.8832702469294,20.156810988785935,20.77797166682048,-0.7779716668204806,-0.10047381106685728,9.935243223530287,1.9511479949437387
298,20.0,8.945966930512851,1,2617.5910000105187,2915.831900009468,21.82495729291862,21.796026636041343,-1.7960266360413435,-0.10065178853715775,9.836315594228545,2.1218438630748375
299,20.0,10.196797290228465,1,2627.39420272029,2926.6547824482623,19.111285354099703,17.260077373986984,2.7399226260130156,-0.10166408249311863,9.872363763828536,2.406240760083269
300,20.0,11.036410128498511,1,2636.3577925917916,2936.7220133326136,17.735485838760805,18.772862895347757,1.2271371046522432,-0.101292863991085,9.988768400295534,1.6751112239750003
301,20.0,9.079683157050317,1,2647.2781094347415,2948.550298491268,21.335411809696446,23.30527685081352,-3.30527685081352,-0.10011244228772122,9.897859875971013,1.7035380835424587
302,20.0,10.518296808218913,1,2656.7598126265225,2959.083831363871,18.407516576013435,17.107165487334267,2.8928345126657327,-0.10103194150360677,9.959903569195804,2.490718016533652
303,20.0,9.802884866126263,1,2666.9569277603964,2970.2612349843575,20.65285973690376,21.61410948307745,-1.6141094830774492,-0.10040257850415547,9.944201698888849,1.5804588359282752
304,20.0,9.963205392502692,1,2676.9937223678935,2981.294350131105,19.927754744752804,19.76011851520137,0.23988148479863014,-0.1005611139315224,9.946102068250232,2.1934698831282953
305,20.0,9.36826089357763,1,2687.6254614743157,2992.8629153268853,21.458638374344375,21.173932526285668,-1.1739325262856681,-0.10054190004667074,9.888317950782973,1.9839526460730164
306,20.0,9.799326296586473,1,2697.826135177729,3004.0435216599576,20.29363601909573,19.183723194385806,0.8162768056141942,-0.101129434245267,9.879418785363322,2.244053179406833
307,20.0,10.780026756819375,1,2707.0461084209096,3014.34149757882,18.313066548347496,18.028909473629007,1.9710905263709932,-0.10122052943858724,9.969479582508926,1.9624082757841395
308,20.0,10.349593145192625,1,2716.696515275717,3025.0268637481468,19.23511873885393,20.96021117263067,-0.9602111726306717,-0.1003061385224623,10.007490938777297,1.6492144243299776
309,20.0,11.039386963245967,1,2725.6571283124713,3035.0914154812253,17.836461231219264,18.458696766672066,1.541303233327934,-0.09992514668438748,10.110680541224163,2.038293836503252
310,20.0,10.706447133386616,1,2734.9506811790848,3045.4556130611772,19.248369510442753,20.94616846261723,-0.94616846261723,-0.09890531066852636,10.170257200440407,1.635699320780688
311,20.0,10.263452007357746,1,2744.687229171727,3056.2185062545555,20.14197677396704,20.65040370298382,-0.6504037029838194,-0.09832593023868626,10.17957668113214,1.9774793846245513
312,20.0,11.046360715700676,1,2753.640868456026,3066.2767816104247,19.003959932219562,18.427380398585356,1.5726196014146439,-0.09823591209382031,10.266255084588995,2.011795909653024
313,20.0,10.26339589524298,1,2763.377472560783,3077.039725304706,20.84710786232413,21.633280964266316,-1.6332809642663157,-0.09740650234778718,10.265969165654393,1.6363102043158058
314,20.0,10.496792906078236,1,2772.880679654705,3087.5926116892356,20.12718080980144,19.422099947431345,0.5779000525686548,-0.09740921522982736,10.289051539696779,2.1159968778628993
315,20.0,9.822057427879175,1,2783.0586222268257,3098.7527600041444,21.66477767850045,21.362162414932996,-1.362162414932996,-0.0971906881933522,10.242352128515018,1.8387122723632803
316,20.0,10.039927489515524,1,2793.0186947373104,3109.7168252635806,20.834683400185064,19.618574546783872,0.38142545321612786,-0.09763382350583025,10.222109664615068,2.165711643919289
317,20.0,9.581545706019835,1,2803.4371490312906,3121.0934341281627,21.6863847404845,20.895859726351976,-0.8958597263519756,-0.0978271641382999,10.158053268755546,1.954039086686077
318,20.0,10.593750360756912,1,2812.8433986705336,3131.5590588034815,19.036478626179093,17.907848659663127,2.0921513403368728,-0.09844405946125827,10.201622977955683,2.1699596728128276
319,20.0,9.29301782613108,1,2823.5503808444023,3143.1953427599638,21.687692372331675,22.424953122106793,-2.4249531221067926,-0.09802361861057439,10.110762462773222,1.6660783210831591
320,20.0,10.469410205450597,1,2833.080970638952,3153.7728735750584,18.698495174276424,17.741983022624485,2.258016977375515,-0.09890450929708776,10.14662723704096,2.357627565937939
321,20.0,9.885609365496904,1,2843.195361273455,3164.8758251461113,20.41314922293366,21.264729589998453,-1.2647295899984528,-0.09855491648982938,10.120525449886555,1.6667918813518474
322,20.0,10.702748256080392,1,2852.492613017375,3175.243351715639,18.283961026545676,18.317680614743665,1.682319385256335,-0.09880909889033572,10.178747730505938,2.144033329216935
323,20.0,10.450521393238756,1,2862.042091624136,3185.8378824617243,19.464012887011805,20.718471770599216,-0.7184717705992156,-0.09824391236291055,10.20592509677922,1.6840507934399072
324,20.0,11.09238769458808,1,2870.949703929548,3195.854733536595,18.081542341696007,18.594400309832324,1.4055996901676764,-0.09798229856846387,10.294571356560105,1.9945274245653275
325,20.0,10.438464814683186,1,2880.5112391148646,3206.46011520338,20.033374901585752,21.417047095547215,-1.4170470955472148,-0.0971385757953643,10.308960702372413,1.6455823264473448
326,20.0,9.056775846608055,1,2891.4544632682564,3218.309016941433,22.612101928529835,22.71204438896435,-2.712044388964351,-0.09700298884346982,10.183742216795979,2.0653048086188717
327,20.0,9.959828096261079,1,2901.4946351719955,3229.3451716547984,20.87895478264896,18.199754930290037,1.8002450697099626,-0.09819572989099298,10.16135080474249,2.461115716231712
328,20.0,9.29679568444311,1,2912.1978394875523,3240.9780555387997,22.196512607039605,21.161323643273693,-1.1613236432736933,-0.09841211264286649,10.074895292712553,1.8327208497792187
329,20.0,9.689032094580234,1,2922.508807392972,3252.2579266536777,20.666438046867547,19.41771352062458,0.5822864793754192,-0.09925661467899595,10.03630897289932,2.244146774455609
330,20.0,10.906737059966034,1,2931.602070333006,3262.441863299708,17.91832716451234,17.47589140987441,2.5241085901255893,-0.09963822384307454,10.12335178160599,2.0117677716178943
331,20.0,10.382520286538618,1,2941.2195500464672,3273.0975950418233,19.019488466931453,21.193500892769777,-1.1935008927697766,-0.09878151244501729,10.149268632099252,1.5682502964348113
332,20.0,9.580641742852752,1,2951.6389083036147,3284.475017473256,20.43878238500727,21.48031483445583,-1.4803148344558288,-0.09852926710770904,10.092405943174601,2.0576060129813505
333,20.0,9.39176958013576,1,2962.247138723479,3296.0224248511336,21.17456101241314,20.50883600968141,-0.50883600968141,-0.09908440124490737,10.022342306870717,2.2329635161759653
334,20.0,10.019669255725756,1,2972.2274694677535,3307.0047225209805,19.927117372997838,18.599969470390054,1.4000305296099462,-0.09977707499717506,10.022075001756221,2.1865858023977687
335,20.0,9.270063910371324,1,2982.957405557382,3318.6616650016463,21.40887994351826,21.394689401357994,-1.3946894013579936,-0.09977973621478234,9.946873892617731,1.8560044715315107
336,20.0,9.597315833562051,1,2993.3600897238202,3330.0240807514406,20.383045069754345,19.554170792179946,0.4458292078200543,-0.10053409853141597,9.911918086712165,2.275690306325151
337,20.0,10.187205682930747,1,3003.1728840408896,3340.8555956368027,19.137996198490068,18.704431132101078,1.295568867898922,-0.10088864650128533,9.939446846334024,2.046659340059641
338,20.0,10.693187221664017,1,3012.4796968192254,3351.231727137305,18.026530246609838,19.121578199363228,0.8784218006367723,-0.10060922055927399,10.014820883867024,1.8313392000715827
339,20.0,10.365256883334665,1,3022.114439935891,3361.9029959423037,18.897308451768538,20.616052606171905,-0.6160526061719054,-0.09985201049485669,10.049864483813788,1.7853417239417038
340,20.0,8.62522629484114,1,3033.48921364105,3374.1402922769466,22.434526642260664,23.39933536399155,-3.3993353639915505,-0.09950382929148846,9.907400664916523,1.9960887579816773
341,20.0,10.182620037418156,1,3043.306593603632,3384.9759342432703,19.371278902315094,16.746044821815,3.2539551781849987,-0.10093464813037575,9.934922602166687,2.617527752605272
342,20.0,10.043220143939546,1,3053.2633734596925,3395.937036113725,20.138713449073062,20.429109073980428,-0.4291090739804275,-0.10065503678729334,9.945752356343974,1.6246717202232022
343,20.0,10.248334171223616,1,3063.015039288469,3406.7135353596236,19.174328874337306,19.56223908970216,0.4377609102978397,-0.10054543529450966,9.976010537831938,2.0361231040719305
344,20.0,10.969725808990724,1,3072.045313479478,3416.840782131532,18.073548385739034,18.658826016540864,1.3411739834591359,-0.1002404714998755,10.075382064947815,1.9055547455916337
345,20.0,8.762057033917154,1,3083.2832564455607,3428.9549308010064,22.376546142186186,23.92017443228064,-3.920174432280639,-0.0992518192912002,9.94404956184475,1.6820994804311589
346,20.0,9.645337944885336,1,3093.6379185006754,3440.2741266506096,20.669314162469398,18.818592734048366,1.1814072659516341,-0.10056265244664439,9.914178400148808,2.602457460968796
347,20.0,10.354543793676013,1,3103.2833747069994,3450.955037236301,19.55178008258139,18.38767080053753,1.6123291994624687,-0.1008656451032786,9.958214939501529,1.9731358851356562
348,20.0,9.051043360327634,1,3114.232331346672,3462.809098212006,21.76508821716712,22.38421119818002,-2.3842111981800187,-0.10041960392251348,9.86749778158414,1.7681342321818483
349,20.0,10.885569428832106,1,3123.3467619178396,3473.012085726057,17.505635803154167,16.156401065145438,3.843598934854562,-0.10134281477785737,9.969304946308936,2.409410945794548
350,20.0,10.221013967620395,1,3133.125747950219,3483.813173155199,19.645050327784364,21.83587523698624,-1.8358752369862401,-0.10030789562418219,9.994475848440082,1.4010866117124805
351,20.0,10.507950391506043,1,3142.617797558713,3494.3560178028433,18.588919587769734,19.21516848173441,0.7848315182655909,-0.10005527204871659,10.045823302746678,2.152723025180721
352,20.0,9.657433803086922,1,3152.960363755626,3505.664327380065,20.926084382530448,21.710807098085088,-1.7108070980850876,-0.09954385716963438,10.006984352780703,1.8125271930990807
353,20.0,10.488258213979726,1,3162.472105541646,3516.2248949874834,19.147207142881136,18.289977350125117,1.7100226498748832,-0.09993020521933,10.055111738900607,2.2330523591364777
354,20.0,10.641082933593424,1,3171.831022608053,3526.6479203472495,19.429608034750895,19.977691151768074,0.022308848231926248,-0.09945190326739589,10.11370885836989,1.7209043771800678
355,20.0,10.139726812082301,1,3181.6912957959707,3537.5221662163754,20.21037359155528,20.83926144759092,-0.8392614475909213,-0.09887569575155619,10.116310653741131,1.887469954454016
356,20.0,10.140640535619218,1,3191.5506552603515,3548.395589734318,20.30969772798192,19.984139766869394,0.01586023313060636,-0.09885026609282586,10.11874364192894,2.0565882014521137
357,20.0,10.162205943569036,1,3201.3884493167825,3559.249604385106,20.345175152488206,19.96958754166241,0.03041245833759021,-0.09882649816883488,10.123089872092951,1.969508622079522
358,20.0,9.481992841156371,1,3211.9064564756263,3570.7158108280655,21.609043030680493,21.337005728127778,-1.337005728127778,-0.09878406816843263,10.058980168999293,1.9650491332012334
359,20.0,9.911482791855788,1,3221.9949736837707,3581.7954763153953,20.48806591528054,19.18774000273458,0.8122599972654214,-0.09941365657344604,10.044230431284943,2.2347075801405953
360,20.0,9.908486480528584,1,3232.086487203242,3592.8778384829197,20.422965200986955,19.97604980789314,0.023950192106859447,-0.09955964340336938,10.030656036209308,1.9389126919227084
361,20.0,10.230036318612097,1,3241.85645088463,3603.6708057961687,19.40415989182276,19.358885009498465,0.641114990501535,-0.09969437655823662,10.050594064449587,2.0153559729680213
362,20.0,10.599894548146176,1,3251.2565563364838,3614.130900702837,18.719046127722848,19.326666587628623,0.6733334123713774,-0.0994966062291925,10.105524112819246,1.88985072737099
363,20.0,9.364878350812955,1,3261.891677985671,3625.7025101871054,21.158419003457333,22.28260059844428,-2.2826005984442794,-0.09895577793253311,10.031459536618616,1.819998653554829
364,20.0,9.924994581808253,1,3271.9666834038626,3636.770015063478,20.008656517112776,19.026985805121225,0.9730141948787754,-0.09968639123246446,10.02081304113758,2.3431362709203682
365,20.0,10.888873328595384,1,3281.0778100752673,3646.970029067742,18.397487551297072,18.115171732496165,1.8848282675038348,-0.09979230187159327,10.107619069883361,1.920475465327375
366,20.0,9.553847062712462,1,3291.5239630125548,3658.3715667113006,20.98395284858681,22.41993915352728,-2.419939153527281,-0.09893526784953716,10.052241869166272,1.6428180685689981
367,20.0,9.506649989625808,1,3302.017313022929,3669.8155817206375,20.979450981442632,20.42125566044283,-0.42125566044283147,-0.0994802963374119,9.997682681212225,2.3140310747835096
368,20.0,10.121383715098716,1,3311.8959293078306,3680.7063363770485,19.911430245711916,18.596535635406063,1.4034643645939369,-0.1000231785590888,10.010052784600875,2.156298055618565
369,20.0,10.506631114291192,1,3321.389298193539,3691.2503683741866,19.02228491952473,19.331360784628774,0.6686392153712255,-0.09989957311097959,10.059710617569905,1.8336205622154818
370,20.0,10.006855633336395,1,3331.382442560203,3702.244198304184,19.962843290457357,20.912381714695876,-0.9123817146958757,-0.09940643801954285,10.054425119146556,1.8406360344175174
371,20.0,10.797376354262193,1,3340.5850662059406,3712.526559585348,18.354549814522713,18.351453618860415,1.6485463811395853,-0.09945869486816393,10.12872024265812,2.089482421989457
372,20.0,10.514076389539916,1,3350.070989816401,3723.063890834762,19.46733150759713,20.786321972881343,-0.7863219728813426,-0.09872915590939117,10.1672558573463,1.670630019718518
373,20.0,10.505092040134038,1,3359.565897776267,3733.6093079986413,19.43257968379764,19.865898462746244,0.1341015372537555,-0.09835495575509247,10.201039475625073,1.991455517972612
374,20.0,10.332469900794456,1,3369.2334278754724,3744.3100850879264,20.16340600866015,20.376098390485655,-0.3760983904856552,-0.09802922558916229,10.214182518142012,1.8862672971118004
375,20.0,11.396591860207652,1,3377.836836015265,3754.0531524137396,18.137987596782047,17.877989718077163,2.1220102819228366,-0.09790308702863308,10.332423452348577,1.9741084833407874
376,20.0,9.876902986680374,1,3387.9599330285846,3765.1639397257272,21.4460752597958,22.875727703070158,-2.875727703070158,-0.09678271555669724,10.286871405781756,1.5189236985762133
377,20.0,8.797886624760093,1,3399.1620464038247,3777.245841763443,23.36577917273268,22.65597873447945,-2.6559787344794508,-0.09721128616791574,10.137972927679591,2.298250685759669
378,20.0,10.962552616910285,1,3408.1994937869144,3787.379544408224,18.66650030664237,14.83018085611457,5.16981914388543,-0.09863904817399062,10.220430896602661,2.5382590032400114
379,20.0,9.725380341425904,1,3418.4741134454885,3798.6267021009407,21.401797767361078,22.674939550206112,-2.674939550206112,-0.09784323284573125,10.170925841084987,1.249847397138022
380,20.0,10.06472826660582,1,3428.4093851788825,3809.5684466609955,19.82542466887058,19.553018932242566,0.4469810677574344,-0.09831946625355835,10.16030608363707,2.2973218953839742
381,20.0,10.785730410916315,1,3437.6236547679664,3819.861289291171,18.7951250006005,18.616438998032173,1.383561001967827,-0.09842223174855687,10.222848516364996,1.94113695934958
382,20.0,9.038644275364645,1,3448.5850104926017,3831.726509443343,22.004650759949154,23.141024539570015,-3.141024539570015,-0.09782009372428581,10.10442809226496,1.712138899042781
383,20.0,9.249011671536316,1,3459.3359988210655,3843.4023989389602,21.55335510229054,20.245524424697795,-0.24552442469779479,-0.09896651159955405,10.018886450192097,2.475453694726405
384,20.0,9.039233237728688,1,3470.2967655833368,3855.267089025004,22.07166385608198,20.265114309414173,-0.265114309414173,-0.09981149152367393,9.920921128945757,2.210409842273762
385,20.0,9.523518225984745,1,3480.773247357352,3866.695922621618,20.448808867329266,18.941084816794163,1.058915183205837,-0.1007970920242831,9.881180838649657,2.239091582188375
386,20.0,10.263781963610196,1,3490.5094653937417,3877.458518854369,18.52922324826233,18.418408595527595,1.5815914044724053,-0.10120247937256233,9.919440951145711,1.9995237909406924
387,20.0,10.314512705687662,1,3500.194952688054,3888.17545741925,18.304592175277477,19.977993169505783,0.0220068304942167,-0.10081213295437767,9.958948126599907,1.7878125658668624
388,20.0,10.165764507597132,1,3510.029188180457,3899.0262693624127,18.69249947904842,20.240538534229888,-0.2405385342298878,-0.10041221093712141,9.979629764699629,1.9415612687590387
389,20.0,9.15234046966458,1,3520.8768477107924,3910.7891629397145,21.051644945648825,22.009819882857045,-2.0098198828570446,-0.10020411814647098,9.896900835196124,1.9919187569341998
390,20.0,8.613937938020413,1,3532.2629097727718,3923.036618795496,22.51627850511141,21.578226041807213,-1.5782260418072127,-0.10104173181605727,9.768604545478553,2.3719225733991367
391,20.0,10.032612151234229,1,3542.2302976215374,3934.007267859385,19.395250123318917,16.59376878281679,3.4062312171832083,-0.10236876673064373,9.79500530605412,2.4903242428161434
392,20.0,9.716934379817,1,3552.5133632417205,3945.26202691755,20.040433444601653,20.61789784950924,-0.6178978495092409,-0.10209284923836821,9.787198213430408,1.6441266667901928
393,20.0,10.275631463029967,1,3562.2377317786904,3956.013958600823,18.35537114032212,18.939677179294563,1.0603228207054372,-0.10217428708327964,9.836041538390365,2.109672845723336
394,20.0,10.421172175732762,1,3571.8165596029576,3966.6349036426636,18.504436362673257,19.826715632101628,0.17328436789837198,-0.10166691509963333,9.894554602124606,1.8340510285110045
395,20.0,10.082944859235209,1,3581.7336147437222,3977.560253269352,19.282605611930972,20.616267927976185,-0.6162679279761853,-0.10106569120203503,9.913393627835667,1.9052417693755543
396,20.0,10.456079851225512,1,3591.2775348924965,3988.149781403249,18.914037005434313,19.21934154994957,0.7806584500504314,-0.10087362991338458,9.967662250174651,2.0463621818571682
397,20.0,10.137526824469042,1,3601.1400080680273,3999.026007261227,19.971648908878727,20.68438999426434,-0.6843899942643397,-0.10032442662094396,9.98464870760409,1.8283504326664022
398,20.0,10.31803882336088,1,3610.8219692446664,4009.739772320202,19.69712354570673,19.600514613721707,0.3994853862782932,-0.10015374894846543,10.017987719179771,2.0433995007662715
399,20.0,9.57719604227807,1,3621.2447732023884,4021.120295882152,21.391404944598733,21.450433723294044,-1.4504337232940436,-0.09982044578528147,9.9739085514896,1.8951351533690035
400,20.0,9.892233151701125,1,3631.3525400506874,4032.2172860456208,20.591673113087804,19.434775559970745,0.5652244400292545,-0.10026159702964695,9.965741011510755,2.2255498658093553
401,20.0,10.118065657994174,1,3641.2344743926933,4043.111026953426,20.168155710387747,19.52983585552926,0.47016414447073984,-0.10034376759791043,9.980973476159097,1.9672672996260712
402,20.0,10.492317085250452,1,3650.742157307443,4053.6679415767007,19.14616594948102,19.283154797504558,0.7168452024954419,-0.10019062793710805,10.032107837068233,1.9296672883138861
403,20.0,9.763755296665257,1,3660.9784020107777,4064.880561809702,20.59945897128978,21.380878985772586,-1.3808789857725863,-0.09967994924307336,10.005272583027935,1.8335440891115296
404,20.0,10.312700353439267,1,3670.6657016573386,4075.599131491607,19.339827724523694,18.885459443018522,1.1145405569814777,-0.09994730195520231,10.036015360069069,2.1813316368929385
405,20.0,9.840496724850773,1,3680.825204932488,4086.742684439241,20.58816819006452,20.968516810912632,-0.9685168109126323,-0.09964113885066014,10.016463496547239,1.8207355922246484
406,20.0,9.929474699603121,1,3690.895730232885,4097.8061572095985,20.18799416491388,19.861096622609818,0.13890337739018221,-0.09983563563574195,10.007764616852826,2.125733820455424
407,20.0,10.497711425214444,1,3700.3980188076707,4108.358216926906,19.180340457575948,18.85399778887774,1.1460022111222585,-0.09992241407397061,10.056759297688988,2.0011122408332875
408,20.0,8.804163777367506,1,3711.593855030303,4120.434469527275,22.461865349424816,23.12580884677213,-3.1258088467721308,-0.09943561045850992,9.93149974565684,1.786448928010336
409,20.0,9.222116603155143,1,3722.371738427148,4132.134564584435,21.510444102862433,19.808914720698418,0.19108527930158203,-0.10068972719224119,9.86056143140667,2.528366873836355
410,20.0,9.110688761534307,1,3733.261049665614,4143.934944699054,21.734064277501297,19.97222375200853,0.027776247991468495,-0.10141410374615392,9.785574164419433,2.17729871888953
411,20.0,8.599830328091016,1,3744.6612193375227,4156.195097403772,22.292109967268345,21.131791726704684,-1.1317917267046838,-0.10219124429469069,9.666999780786592,2.190791132676455
412,20.0,9.593041335906895,1,3755.0681780016157,4167.5613602014555,19.532986393539392,17.87993065165665,2.1200693483433497,-0.10344471114890531,9.659603936298623,2.4238257983957574
413,20.0,10.449660339836644,1,3764.618517661779,4178.156665895603,17.45531062467475,18.243327955318943,1.756672044681057,-0.10352391325717035,9.738609576652426,1.8791618155738714
414,20.0,9.829069560170455,1,3774.7894481016087,4189.310503291449,18.632600469872486,21.18871943526317,-1.1887194352631703,-0.10268406307173704,9.747655575004229,1.7351193229077135
415,20.0,10.118674049165111,1,3784.6707740524434,4200.203696647201,18.237346071803348,19.417302071497023,0.5826979285029772,-0.10258877042847979,9.784757422420318,2.151607736150222
416,20.0,10.653530498026475,1,3794.017243554417,4210.6155191989765,17.936155252543436,19.016703077977844,0.9832969220221557,-0.10219977428450587,9.871634729980935,1.914914403004554
417,20.0,10.796611679360614,1,3803.2206318750564,4220.898568687552,18.221845481013986,19.85005936600327,0.14994063399673152,-0.10130034460887426,9.964132424918903,1.7752461865989464
418,20.0,9.958517239164316,1,3813.262114635892,4231.935903172304,20.267288477737836,21.491196453403628,-1.491196453403628,-0.10035996686466549,9.963570906343444,1.84353377834191
419,20.0,10.812151533741638,1,3822.4499631021504,4242.204966791936,18.868934768800983,18.166008441803204,1.8339915581967965,-0.100365622867534,10.048428969083263,2.1573123479456586
420,20.0,10.055275995060466,1,3832.39468710709,4253.155218396382,20.916230991425028,21.652446939745676,-1.6524469397456762,-0.09951804437059497,10.049113671680985,1.6422782935216909
421,20.0,9.497561065703522,1,3842.8971260413864,4264.607413437249,21.779827161739345,21.181791068489566,-1.1817910684895665,-0.09951126364686878,9.993958411083238,2.155359226399432
422,20.0,9.643359788680758,1,3853.2537662527056,4275.928389627436,21.52173058740606,19.710424375862488,0.2895756241375125,-0.10006045241202988,9.958898548842988,2.2265441882433827
423,20.0,9.11167809246099,1,3864.142088160245,4287.727879344222,22.32185830317301,21.028473372604704,-1.0284733726047044,-0.10041271081290196,9.874176503204788,2.050330445575689
424,20.0,9.467119687759808,1,3874.674968472485,4299.207471625238,21.02083461850552,19.383861689915257,0.6161383100847431,-0.10127426825674399,9.83347082166029,2.2862932334819974
425,20.0,9.785189987155343,1,3884.8897784853298,4310.4008006367985,19.943183760670674,19.23444497638844,0.7655550236115616,-0.1016934933896676,9.828642738209796,2.059174808049329
426,20.0,10.482151011627161,1,3894.4076274737026,4320.966864726334,18.06953838609466,18.622941453278628,1.377058546721372,-0.10174344786309138,9.893993565551533,1.9663429290654966
427,20.0,11.03246189869959,1,3903.375165575003,4331.037649017505,17.205708676547005,19.13948895077302,0.8605110492269787,-0.10107142210823297,10.007840398866339,1.7660113111110898
428,20.0,9.170691090773776,1,3914.204474484229,4342.784027035808,20.961209117405108,23.258764862839406,-3.2587648628394064,-0.09992165743503237,9.924125468057083,1.7316823705806106
429,20.0,10.235696480955951,1,3923.968778003273,4353.571900202948,19.09080159427644,17.95634911880889,2.043650881191109,-0.1007645462785324,9.95528256934697,2.471977924619686
430,20.0,9.375673636505478,1,3934.593104366768,4365.133793930093,21.50851309402121,21.67592979618272,-1.6759297961827215,-0.10044918293721485,9.897321676062822,1.7364532889920685
431,20.0,10.28481825307792,1,3944.30828611369,4375.877457502323,19.257531182592714,18.24975695909735,1.7502430409026495,-0.1010374354527196,9.93607133376433,2.277743005334553
432,20.0,9.921348009587364,1,3954.3869381041027,4386.948244293694,20.39192304026161,20.798350753851608,-0.7983507538516079,-0.10064339983166616,9.934599001346633,1.7589753114578592
433,20.0,8.901456504491481,1,3965.4854815996114,4398.9369334396515,22.101946736695812,22.156962085755527,-2.156962085755527,-0.10065831543522291,9.831284751661117,2.0941953329424283
434,20.0,10.55697819494109,1,3974.92850340467,4409.435653064204,18.449672225978368,16.29812698042375,3.701873019576251,-0.1017161058050971,9.903854095989114,2.4494542498651124
435,20.0,9.636999572314762,1,3985.2915038323554,4420.762353449121,20.628101937756607,21.941024417039287,-1.9410244170392872,-0.10097079281539319,9.87716864362168,1.489789685643407
436,20.0,9.679659856975867,1,3995.6118439753795,4432.050659577843,20.045841697457092,20.156023496701142,-0.1560234967011418,-0.10124358873286668,9.857417764957098,2.2505957071041385
437,20.0,9.358148553226187,1,4006.253695422153,4443.628325879939,21.005230401144722,20.616923865369607,-0.616923865369607,-0.10144644610224168,9.807490843784008,2.0879236443191
438,20.0,9.607430033987466,1,4016.646265388166,4454.981638849351,20.27233909269867,19.51019735823261,0.4898026417673904,-0.10196287877584922,9.787484762804354,2.196917014484556
439,20.0,10.25673426441695,1,4026.389531123749,4465.750578011376,18.89020106008264,18.62542896455585,1.3745710354441485,-0.10217129571433177,9.834409712965615,2.036200593217179
440,20.0,9.886453395438156,1,4036.5030777283105,4476.852769955482,19.625707840866326,20.75119410837975,-0.7511941083797495,-0.10168378470968188,9.839614081212869,1.8079521686132358
441,20.0,10.19719720136949,1,4046.305880526941,4487.675292474249,18.95082118885986,19.368971293224202,0.6310287067757976,-0.10163000212674358,9.875372393228531,2.0968725418278567
442,20.0,10.217153112357305,1,4056.088727414584,4498.479854673127,19.29346883806095,20.010009922127065,-0.010009922127064641,-0.10126200412307414,9.90955046514141,1.894751028804993
443,20.0,10.7923969933169,1,4065.296330421267,4508.766697379142,18.298125555599917,18.85836856783686,1.1416314321631411,-0.10091275114019312,9.997835117958958,1.9598650204758203
444,20.0,9.794328309481372,1,4075.5020021117857,4519.951801900609,20.640230593961938,21.90915589138452,-1.9091558913845184,-0.1000216535081395,9.977484437111201,1.730513021504977
445,20.0,9.113885309892561,1,4086.3881168018934,4531.749305121706,22.03822444941849,21.613096815728973,-1.613096815728973,-0.10022566372346373,9.891124524389339,2.2269381702253175
446,20.0,10.64033344994319,1,4095.74778335195,4542.173005016757,18.904051487403567,16.49746707734061,3.502532922659391,-0.10110073910546974,9.966045416944725,2.360417542978642
447,20.0,9.801107096741648,1,4105.946676255208,4553.352008629689,20.80186533110013,21.821211347308697,-1.8212113473086973,-0.10034070267227102,9.949551584924418,1.4974079545473993
448,20.0,10.668755466746425,1,4115.277920788462,4563.7501287096175,18.450750080591188,18.21310175850258,1.7868982414974184,-0.10050704209777676,10.02147197310662,2.212826947097112
449,20.0,10.230026267909482,1,4125.047894520553,4574.543105068499,19.926952731180574,21.091014475074875,-1.091014475074875,-0.09978574032672805,10.042327402586906,1.6737090243001522
450,20.0,9.921317481877994,1,4135.126577038675,4585.613919334809,20.272462243929994,20.552479533908784,-0.5524795339087838,-0.09957851003168844,10.030226410516015,2.0701418918083423
451,20.0,10.209265536427777,1,4144.917311502248,4596.425580352024,19.96567705046361,19.405314613153557,0.594685386846443,-0.09969864677746133,10.048130323107191,2.0713698595946815
452,20.0,11.17060753607578,1,4153.7467039661715,4606.372033569555,18.126716574581582,18.20942548587247,1.790574514127531,-0.09952100220081234,10.160378044404052,1.8974696818260233
453,20.0,11.246188317432251,1,4162.50051564874,4616.250464083866,18.46091861961054,20.196971594501196,-0.19697159450119628,-0.09842153467417109,10.268959071706872,1.6016496774690245
454,20.0,10.041628681079667,1,4172.45888696766,4627.212998270895,20.71055907505386,21.92536914453253,-1.9253691445325316,-0.09738085360133618,10.246226032644152,1.81958555033964
455,20.0,10.096114355990245,1,4182.36277261167,4638.126495350503,20.785579387840396,19.912453768528284,0.08754623147171614,-0.09759691000511131,10.231214864978762,2.180335384468333
456,20.0,10.64574409447983,1,4191.717028517191,4648.545325665472,19.93609380696497,18.935152688967293,1.0648473110327075,-0.09774010351624805,10.272667787928869,1.9704870691414056
457,20.0,9.492603380339592,1,4202.224425136851,4660.001982623166,22.062879562883307,22.14180078691166,-2.1418007869116593,-0.09734569642903011,10.19466134716994,1.7690986581022476
458,20.0,10.199842223570952,1,4212.02458291328,4670.822124621953,20.2096172598086,18.68365389032008,1.3163461096799196,-0.09809055602201068,10.195179434810042,2.299853897973229
459,20.0,9.984482291227685,1,4222.040100622053,4681.836090559847,20.75250372504649,20.462726059178145,-0.462726059178145,-0.09808557136185726,10.174109720451806,1.824924648036158
460,20.0,10.188344926874532,1,4231.851755695178,4692.66658012566,19.8203345919335,19.59381070188915,0.40618929811084925,-0.09828869822288416,10.17553324109408,2.04831260691239
461,20.0,9.499978716430357,1,4242.351776978748,4704.116599280873,21.20950594186421,21.339574627457097,-1.3395746274570968,-0.09827494798616367,10.107977788627707,1.9215028390391105
462,20.0,9.04625950401462,1,4253.305517474733,4715.97496572726,21.92245451553921,21.179029107693218,-1.1790291076932178,-0.09893175676791464,10.001805960166399,2.2286057028119606
463,20.0,8.756209938405226,1,4264.549307536328,4728.094376782695,22.46144565886413,20.773270502998876,-0.7732705029988765,-0.09998194365923922,9.877246357990282,2.3304327726535594
464,20.0,9.329569532206236,1,4275.2197380041225,4739.697764203709,20.742799356348023,18.67949727780595,1.3205027221940497,-0.10124279214631936,9.822478675411878,2.3681449769921206
465,20.0,9.7247948290364,1,4285.4949431750865,4750.945448857577,19.412864076131086,18.993295171769823,1.006704828230177,-0.10180729661477915,9.81271029077433,2.024330842153795
466,20.0,9.824085048010742,1,4295.670858127076,4762.103772314367,18.811068436092768,19.805690879780872,0.1943091202191276,-0.10190864403081129,9.81384776649797,1.9531187075659742
467,20.0,11.16233869745771,1,4304.508519429618,4772.057667486655,16.07507791423684,17.318503289279874,2.6814967107201255,-0.10189683229178985,9.948696859593944,2.0145587945313457
468,20.0,10.663596021944379,1,4313.844923407673,4782.460431066906,17.962135253811574,21.36248375014611,-1.3624837501461116,-0.10051567698895741,10.02018677582899,1.4963075782595499
469,20.0,9.422745330195024,1,4324.422178077479,4793.97996026973,20.50592388666876,22.17137139007849,-2.171371390078491,-0.09979853892666268,9.960442631265593,2.0366795119220757
470,20.0,10.208625071470575,1,4334.213553006009,4804.792197705407,19.616834212767195,18.32843576313939,1.6715642368606112,-0.10039714468722742,9.985260875286093,2.33556776353473
471,20.0,9.755753058189805,1,4344.457799947819,4816.012019953036,21.00016161112432,20.925430413656876,-0.9254304136568763,-0.10014760880960444,9.962310093576464,1.783871039547578
472,20.0,9.829381697175943,1,4354.628418250642,4827.1655764255775,20.617505572504516,19.9253136233065,0.07468637669349931,-0.10037832496749763,9.949017253936411,2.1364636593961825
473,20.0,10.111195389649229,1,4364.517222860994,4838.065500574893,20.071772390156994,19.410253581592258,0.5897464184077421,-0.1005124400205801,9.965235067507694,2.0289450704033856
474,20.0,10.371502670185237,1,4374.145720190809,4848.731148171726,19.376500600500176,19.51502851638331,0.4849714836166896,-0.10034886214180395,10.005861827775448,1.91825868419254
475,20.0,9.79644490966959,1,4384.349275281139,4859.914347753023,20.48396642619539,21.095092116663093,-1.0950921166630927,-0.09994141606314035,9.984920135964861,1.8802674408487512
476,20.0,10.638310919640615,1,4393.710964361499,4870.339867925347,18.6640649023679,18.24454919441795,1.7554508055820506,-0.10015102638608818,10.050259214332437,2.147948400347852
477,20.0,9.314837064314558,1,4404.396127297184,4881.956514567464,21.579263684954082,22.51899077460653,-2.5189907746065288,-0.09949992121336768,9.976716999330648,1.688226891273981
478,20.0,10.00380343741736,1,4414.392323859766,4892.953091473789,19.91385585271166,18.82840371269533,1.17159628730467,-0.10023337336992634,9.979425643139319,2.368157992119375
479,20.0,11.5586042359575,1,4422.833719623809,4902.550347661427,17.221205311570653,17.07859994647361,2.9214000535263906,-0.10020616774548369,10.137343502421137,1.8816981118326177
480,20.0,10.133847845575165,1,4432.6998717782335,4913.429884600409,20.152379078167755,22.70337477060727,-2.703374770607269,-0.0986451726491429,10.13699393673654,1.4185357225531197
481,20.0,10.859928703963703,1,4441.83994307427,4923.655948766842,18.520353800102647,18.293542648524678,1.706457351475322,-0.09864857434470714,10.209287413459254,2.2476972720063424
482,20.0,10.054912106903926,1,4451.785030967366,4934.606527870628,20.92247524069065,21.8078454725587,-1.8078454725587,-0.09795002917457939,10.193849882803722,1.6395665124359002
483,20.0,10.348466257197877,1,4461.436564710168,4945.29290823915,20.073706417010275,19.368816149145925,0.6311838508540752,-0.09809836435662318,10.209311520243137,2.1683434787068374
484,20.0,9.965930083364386,1,4471.470634626803,4956.323571164122,21.17136905595416,20.80611317090834,-0.8061131709083398,-0.09794979788962153,10.184973376555261,1.8626162157432102
485,20.0,9.897755451301478,1,4481.572879175502,4967.415591257951,20.95902868055287,20.164411277789537,-0.16441127778953657,-0.0981838599894522,10.156251584029881,2.0854932206275696
486,20.0,9.532310561964747,1,4492.040568613537,4978.836511752183,21.60002873102026,20.742221592033058,-0.7422215920330579,-0.09846152310488666,10.093857481823367,2.0375112161424678
487,20.0,10.258180815374532,1,4501.782387798163,4989.604149018345,19.671988730366984,18.49403023900771,1.50596976099229,-0.09907015249628419,10.110289815178485,2.1688242538755698
488,20.0,9.489077686488539,1,4512.293310111674,5001.063979100505,21.158123058631205,21.46065227401595,-1.460652274015949,-0.09890913300019444,10.04816860230949,1.7950509551887774
489,20.0,10.399351141788058,1,4521.893958969886,5011.704563072896,18.792269182021258,18.196490716469224,1.8035092835307758,-0.09952062306858168,10.083286856257345,2.237078183086209
490,20.0,10.651172202667546,1,4531.242786767219,5022.118508090495,18.729243360696902,19.75078240827655,0.24921759172345048,-0.09917401084145831,10.140075390898366,1.7318007780939848
491,20.0,10.219918844342338,1,4541.022867922877,5032.920581130587,19.439330008740082,20.71462544984137,-0.7146254498413711,-0.0986185961593136,10.148059736242763,1.8626524582407458
492,20.0,9.828250759866584,1,4551.19461716301,5044.075155446708,20.448399302308935,20.768616370587452,-0.768616370587452,-0.09854100448666081,10.116078838605146,2.0294566720563285
493,20.0,10.272379347585218,1,4560.9222378154245,5054.8300140338815,19.725918521760704,19.08531401153499,0.9146859884650098,-0.0988525312973821,10.131708889503152,2.110835437960113
494,20.0,9.814796166672153,1,4571.107441648753,5065.996697483876,20.80803367363205,20.906096655216377,-0.906096655216377,-0.09870003282822697,10.100017617220052,1.852225664965851
495,20.0,10.56132827527909,1,4580.546113373473,5076.491502036125,19.071165301245866,18.47366311188195,1.526336888118049,-0.09900972828948806,10.146148683025956,2.1240163129709773
496,20.0,8.901156349470925,1,4591.644957024003,5088.480461321601,22.505975122471018,23.07165529155786,-3.0716552915578603,-0.09855956493846324,10.021649449670452,1.7303378589950917
497,20.0,9.798635579128812,1,4601.846321444874,5099.661689300385,20.332731020908877,18.6079991049976,1.3920008950024005,-0.09978397318945173,9.999348062616287,2.4966390462227297
498,20.0,8.805512802925602,1,4613.040808641948,5111.736727777752,22.5504296588269,21.780098274335195,-1.7800982743351952,-0.1000065197988872,9.879964536647218,1.9110642625005774
499,20.0,9.102963501863677,1,4623.937845140084,5123.5440606260745,21.35933938733786,19.856095720018676,0.14390427998132438,-0.10121493820051217,9.802264433168865,2.408446716262012
500,20.0,10.818317337888345,1,4633.119527802196,5133.807575021975,17.308957872013394,16.041022537408008,3.9589774625919922,-0.10201724375198487,9.903869723640813,2.2013657428225515
501,20.0,10.537110989183011,1,4642.582416813013,5144.32417513171,18.11113431912604,21.077081952076245,-1.0770819520762451,-0.1009706334901571,9.967193850195033,1.4201179621903164
502,20.0,9.568311860029127,1,4653.014104952984,5155.712694457684,19.79306598223388,21.63631402498401,-1.63631402498401,-0.10032914128387625,9.927305651178441,2.031786611001311
503,20.0,9.098497926375462,1,4663.915607026608,5167.524046323946,21.27612988122147,21.141588610302183,-1.1415886103021826,-0.1007322666529657,9.844424878698144,2.2525394389847646
504,20.0,8.22128269729501,1,4675.6943243293135,5180.12489189638,23.469902233652338,22.076188600033156,-2.0761886000331558,-0.10158033733020298,9.68211066055783,2.319029853643395
505,20.0,9.67390269524042,1,4686.0204216340735,5191.418379470664,19.993505344945284,16.66356799198472,3.3364320080152794,-0.10328326488497142,9.68128986402609,2.626925389744875
506,20.0,11.452249007348442,1,4694.568172626725,5201.111355364051,16.090231675013662,16.724784205374334,3.275215794625666,-0.1032920214191518,9.858385778358324,1.7410365225045736
507,20.0,10.260930562878189,1,4704.307242063846,5211.87651785746,18.56796058358395,22.206267599175835,-2.2062675991758347,-0.10143648488531008,9.89864025681031,1.4149317663958598
508,20.0,9.664256628370307,1,4714.6429854354765,5223.178686891927,19.68999440184664,21.080530887782093,-1.0805308877820927,-0.10102397643070173,9.87520189396631,2.1859660317149703
509,20.0,10.279048125700184,1,4724.363937309777,5233.927543578797,19.235735169199994,18.643311847910628,1.3566881520893723,-0.10126375245158219,9.915586517139698,2.1828109729122502
510,20.0,9.063424988203334,1,4735.3005123215735,5245.770461089413,21.961594591013736,22.30861570614469,-2.308615706144689,-0.10085132112673707,9.830370364246061,1.802265276429899
511,20.0,9.821605982381419,1,4745.478906339192,5256.9310157052705,20.29956522274597,18.701001822429166,1.2989981775708337,-0.10172556708922074,9.829493926059598,2.4036409041519553
512,20.0,10.059686483809443,1,4755.419219855382,5267.877297869842,19.991614615368206,19.479693209119,0.5203067908810013,-0.10173463736000042,9.852513181834583,1.9107264072539327
513,20.0,9.948339608907371,1,4765.470880246475,5278.923792221825,19.840664784386288,20.22183671492297,-0.22183671492296853,-0.10149694616432835,9.862095824541862,1.9357859955799324
514,20.0,10.47448367301405,1,4774.9963965734605,5289.496756916113,18.74393053826901,18.93250921789852,1.0674907821014799,-0.10139832524355485,9.92333460938908,2.0324942175310503
515,20.0,10.206787135741632,1,4784.789609437719,5300.310648493945,19.49166590498008,20.601245362581608,-0.6012453625816079,-0.10077257689706827,9.951679862024337,1.7959876709023725
516,20.0,10.400995610864799,1,4794.388613826854,5310.949752444167,19.142492524210166,19.557142314899885,0.44285768510011536,-0.10048554755222837,9.996611436908383,2.0232777548429324
517,20.0,9.586976630661544,1,4804.801637196193,5322.321473476572,21.06045446819648,21.585715457319694,-1.5857154573196937,-0.10003389711716819,9.955647956283698,1.8745666699659078
518,20.0,10.53868924504633,1,4814.262947951147,5332.83665315603,19.056428121593232,18.01380856376557,1.9861914362344315,-0.10044549630431948,10.01395208515996,2.2367019603157963
519,20.0,10.977362168574395,1,4823.2855857825725,5342.957027204313,18.738213832446217,19.55900916094231,0.4409908390576902,-0.09986067353786686,10.110293093501404,1.6811688563628704
520,20.0,9.417910288209152,1,4833.8676754943635,5354.480907944925,21.54018404145278,22.681446112962558,-2.6814461129625577,-0.09890910092831733,10.04105481297218,1.7920709086717241
521,20.0,9.467382606571265,1,4844.400292887793,5365.960263599011,21.499291916476523,20.230846679153622,-0.2308466791536219,-0.09959113047646011,9.983687592332087,2.3713628535753997
522,20.0,10.80147060179214,1,4853.5988222860005,5376.238940057398,18.791370220529508,17.01389253054297,2.9861074694570284,-0.1001633906060967,10.065465893278091,2.1494252962886904
523,20.0,9.885193607982965,1,4863.713628678018,5387.342265810214,20.635386524641355,21.879055136174472,-1.8790551361744718,-0.09934959897562406,10.04743866474858,1.5310613018389538
524,20.0,10.842292835239935,1,4872.871335842778,5397.5842022584975,18.22820432946112,17.976180956106056,2.023819043893944,-0.09952785315410764,10.126924081797714,2.2045958860637485
525,20.0,9.73447857286469,1,4883.136857269913,5408.823171542919,20.978694509558746,22.260224669235157,-2.260224669235157,-0.09874666699609362,10.087679530904413,1.614463082869159
526,20.0,10.873027345762427,1,4892.263829924151,5419.037446931733,18.32694315957487,17.611882895341356,2.388117104658644,-0.09913082557157174,10.166214312390215,2.266925391620583
527,20.0,10.07889149008327,1,4902.184938434068,5429.966444590658,20.661698392546434,21.81640543542177,-1.8164054354217711,-0.09836503237800487,10.15748203015952,1.5671839979089885
528,20.0,10.154937293993617,1,4912.030001140074,5440.827001026064,20.107725910856313,19.81613355938345,0.18386644061655133,-0.09844959577883648,10.15722755654293,2.166460632804785
529,20.0,10.938830813001942,1,4921.091170327072,5450.982053294362,18.95764560036152,18.503665843720317,1.4963341562796835,-0.09845206228109314,10.235387882188832,1.9483314149379691
530,20.0,9.782937713533498,1,4931.308232613539,5462.177409352182,21.19634686902821,22.15742941557982,-2.15742941557982,-0.0977002544026842,10.190142865323299,1.6708924156317049
531,20.0,9.435326742445024,1,4941.872905871094,5473.685615283981,21.71503918742631,20.94694641578388,-0.9469464157838807,-0.09813405103504144,10.114661253035472,2.247986061190665
532,20.0,9.730861475182987,1,4952.142044395911,5484.927839956316,21.12953814964069,19.3389950633824,0.6610049366176014,-0.09886638563401161,10.076281275250222,2.2205589307287052
533,20.0,10.271400370385884,1,4961.8706440255255,5495.683579622969,19.670213253007212,18.85614121788886,1.1438587821111383,-0.09924296202967668,10.095793184763789,1.9941637076623877
534,20.0,9.060544556691692,1,4972.810099468834,5507.529089521946,21.84808139688271,22.25198852677933,-2.2519885267793285,-0.09905115741764246,9.99226832195658,1.832577786822591
535,20.0,10.382482541590672,1,4982.427616927243,5518.1848552345145,18.62504046556291,17.35961679249415,2.640383207505849,-0.10007737660553441,10.031289743919988,2.3975356216174752
536,20.0,9.676737209429355,1,4992.750879717814,5529.475791746028,20.45224800250411,21.440573950571387,-1.4405739505713875,-0.0996880785550138,9.995834490470925,1.645083719583775
537,20.0,10.688687596440138,1,5002.062192121374,5539.855972909232,17.884917286873815,17.95435422852972,2.04564577147028,-0.10004167245399118,10.065119801067846,2.1972968627003135
538,20.0,8.563443817059717,1,5013.498748304314,5552.148873473879,22.52973121559848,23.863774197473603,-3.863774197473603,-0.09935301514184722,9.914952202667033,1.6454338151884043
539,20.0,9.528060534937499,1,5023.970687769377,5563.573618992435,20.47078004484894,18.84244434042018,1.1575556595798204,-0.10085777314498894,9.87626303589408,2.6260674735750467
540,20.0,8.98811910925954,1,5034.982568660117,5575.484311794101,21.942916133149687,20.805728191901792,-0.8057281919017925,-0.10125287230257246,9.787448643230626,2.0067286524871486
541,20.0,9.504262320181628,1,5045.478306339935,5586.930475705937,20.216449644663953,19.084880641585958,0.9151193584140422,-0.10217167276700229,9.759130010925727,2.285379634797448
542,20.0,10.148599540665366,1,5055.32970679927,5597.796736119339,18.739253076818077,18.589537340686384,1.410462659313616,-0.10246815022245435,9.798076963899693,2.0195242918764187
543,20.0,9.892464024730147,1,5065.437242774539,5608.8935184970815,19.078800254280228,20.525532475345344,-0.5255324753453436,-0.10206084353944431,9.807515669982738,1.8260369529960259
544,20.0,9.847973458631191,1,5075.5892693159085,5620.030342384313,19.20375202878417,20.108505765008974,-0.10850576500897446,-0.10196262067269886,9.811561448847584,2.0732211348967438
545,20.0,9.904489077171963,1,5085.6847802387365,5631.1163022148585,19.41330384830134,19.877819880728634,0.1221801192713663,-0.10192057657830343,9.820854211680022,2.0425774339948912
546,20.0,10.122032944371966,1,5095.562747294364,5642.006472564924,19.211334295961706,19.562211863743155,0.4377881362568452,-0.10182413652070019,9.850972084949216,2.007067960422054
547,20.0,9.394878374834136,1,5106.1678689195305,5653.551082027573,20.88359230840717,21.420081204334068,-1.4200812043340676,-0.10151282445798904,9.80536271393771,1.931066048497875
548,20.0,10.42410978453943,1,5115.743759134991,5664.169383221488,18.74787227742497,17.844080833979294,2.1559191660207055,-0.10198500852789082,9.867237420997881,2.2616799762912736
549,20.0,10.39759958223129,1,5125.34615955276,5674.81154359748,19.294310783055586,20.31801946998937,-0.3180194699893697,-0.10134548884695523,9.920273637121223,1.6855872574609079
550,20.0,10.23102276259366,1,5135.115136790166,5685.603623111146,19.456791514976615,20.213664301331303,-0.21366430133130265,-0.100803671005409,9.951348549668467,1.9650386510880384
551,20.0,10.333920065650759,1,5144.781216724515,5696.30309505206,19.55837962235826,19.79307330027586,0.20692669972413924,-0.10048889303885507,9.989605701266697,1.9760740233449345
552,20.0,10.177850800485196,1,5154.603365924029,5707.143029331623,20.040516729334456,20.319784012167272,-0.3197840121672719,-0.10010405114119754,10.008430211188546,1.9133007223077259
553,20.0,11.22104398163864,1,5163.38232194239,5717.0440897481485,18.071445284109178,17.900999251511966,2.0990007484880344,-0.09991576889671347,10.129691588233555,1.997923258953436
554,20.0,9.947743497368494,1,5173.4345784450215,5728.091120600517,20.931730629396313,22.493614974693326,-2.493614974693326,-0.09871968867853585,10.11149677914705,1.5488320824611528
555,20.0,9.815750068999254,1,5183.618828376022,5739.256945538417,20.972063139622367,20.361989214259903,-0.3619892142599035,-0.09889732666110333,10.08192210813227,2.2547055094985535
556,20.0,9.547883451785573,1,5194.070944924237,5750.663850431811,21.792110793658008,20.526760551026758,-0.5267605510267579,-0.09918743561739889,10.028518242497599,2.077447715338808
557,20.0,9.380642397653299,1,5204.690302526584,5762.221272273922,21.797478761114643,20.391670278538136,-0.3916702785381361,-0.09971562855241417,9.96373065801317,2.1464511084577427
558,20.0,9.253316927439355,1,5215.4369855991445,5773.893287039227,21.722800074954353,20.2911370151314,-0.291137015131401,-0.10036401367350954,9.892689284955788,2.172251682399589
559,20.0,9.466721612061448,1,5225.970263987083,5785.373237588372,20.756979053181123,19.543606113749835,0.4563938862501651,-0.10108474765509318,9.850092517666354,2.19162786776653
560,20.0,9.957591771008758,1,5236.012672216074,5796.411404994464,19.280497817701402,18.92600600115696,1.07399399884304,-0.10152188907936431,9.860842443000594,2.0705408081319843
561,20.0,10.200577077098629,1,5245.812095138976,5807.230885625075,18.583270303325083,19.54627886003468,0.45372113996532093,-0.10141121367473205,9.894815906410397,1.8998657619706452
562,20.0,10.030685235131298,1,5255.781409903844,5818.203268913457,18.9553402567531,20.327098582516427,-0.3270985825164274,-0.10106302223896313,9.908402839282488,1.9160386181998141
563,20.0,9.540678833542172,1,5266.240731070302,5829.616657963269,20.150478550954066,20.986875284683503,-0.9868752846835029,-0.10092443920784458,9.871630438708456,2.02713283145414
564,20.0,10.540110738411977,1,5275.70062033189,5840.130558298698,18.33583301976919,17.87155498096516,2.1284450190348387,-0.10130038864490089,9.938478468678808,2.193081351553334
565,20.0,10.443647603380569,1,5285.256972728509,5850.731275455655,19.102745547451484,20.457950003579928,-0.45795000357992777,-0.10061902364144651,9.988995382148984,1.6673872614917142
566,20.0,9.90421101554679,1,5295.352761712962,5861.817485541663,20.124601786602376,20.92811148776688,-0.9281114877668806,-0.10011016741353873,9.980516945488764,1.9718722152786081
567,20.0,9.608250313201173,1,5305.744511399761,5873.170060259782,20.990475098907556,20.636633187302458,-0.6366331873024578,-0.10019521087552526,9.943290282260007,2.1118806899301035
568,20.0,10.32905675249788,1,5315.415454647263,5883.873909182534,19.56488056383525,18.46263484751244,1.5373651524875598,-0.10057033151130235,9.981866929283795,2.146759270581766
569,20.0,10.112784152491663,1,5325.3026704947715,5894.772403445291,20.120458856607204,20.508967785036035,-0.5089677850360346,-0.1001816601127291,9.99495865160458,1.7753436434271017
570,20.0,9.131123644350971,1,5336.171546850421,5906.554392165375,21.83897835797362,21.96457436886224,-1.964574368862241,-0.10005043891196698,9.90857515087922,2.030899387464368
571,20.0,9.959211846409357,1,5346.212335004011,5917.591101503607,20.006012929516114,18.31413358454321,1.6858664154567897,-0.1009226841168245,9.913638820432233,2.3747301642996823
572,20.0,10.157221487244628,1,5356.055113516766,5928.449602165087,19.66875465741057,19.628595819456095,0.3714041805439052,-0.10087113502047074,9.937997087113473,1.8396308270477604
573,20.0,9.460183128107348,1,5366.594930388659,5939.93543734979,20.745538903157797,21.335393213943913,-1.335393213943913,-0.10062389747494419,9.89021569121286,1.9337049143542333
574,20.0,10.113906035702465,1,5376.481024352956,5950.832921917658,19.294559096255206,18.686248309682863,1.3137516903171367,-0.10111002946967758,9.912584725661821,2.2394063010184917
575,20.0,9.127106508845326,1,5387.3539178441115,5962.618526059697,21.45191462466378,21.87450059685298,-1.8745005968529789,-0.10088186156040489,9.834036903980172,1.8419580944450653
576,20.0,10.801711660007303,1,5396.552206184104,5972.896985565691,17.570850353408257,16.475389671642578,3.524610328357422,-0.10168763954864413,9.930804379582884,2.351396864188581
577,20.0,10.748769991035658,1,5405.803436193069,5983.223092573759,18.599838863014174,20.819065919366736,-0.8190659193667358,-0.10069677760000366,10.012600940728163,1.4565688693062575
578,20.0,9.84848959941822,1,5415.954946593651,5994.359451934282,20.005617953984043,21.39055648895387,-1.3905564889538695,-0.099874149176595,9.996189806597169,1.9727400058949716
579,20.0,10.218072602703444,1,5425.736873990947,6005.163186591849,19.701207563831424,19.227580363663012,0.7724196363369877,-0.10003811645713566,10.018378086207797,2.1689977148358777
580,20.0,8.554046820520075,1,5437.182827170427,6017.464544453381,23.24190906015841,23.183611565267,-3.1836115652670003,-0.09981655627238607,9.871944959639025,1.875599834210465
581,20.0,9.306191403840801,1,5447.876635766586,6029.088972189924,21.57282826956506,19.046200914358415,0.9537990856415846,-0.10129716120667732,9.815369604059203,2.5936937683171575
582,20.0,9.823732647908722,1,5458.052903118678,6040.247612806806,20.324512211393518,18.585540129148477,1.4144598708515232,-0.10188103355643828,9.816205908444156,2.0827786665759485
583,20.0,9.356720187143885,1,5468.696182931534,6051.826564638376,20.675702958562017,20.87684091273537,-0.8768409127353713,-0.10187235366973853,9.77025733631413,1.8926182318399156
584,20.0,10.428637889578395,1,5478.267545041956,6062.440790537756,17.99282919536516,17.813968199558555,2.1860318004414445,-0.10235144946317803,9.836095391640557,2.2114942485656863
585,20.0,11.198377918448797,1,5487.069167123507,6072.362250411152,16.94242055734681,18.967533952114465,1.032466047885535,-0.10166635846678289,9.972323644321381,1.682961084604538
586,20.0,9.29403116834242,1,5497.775135955165,6083.997622359643,20.655389568435854,23.216153864184992,-3.2161538641849923,-0.1002775316632887,9.904494396723486,1.6947845130520167
587,20.0,9.497521957548884,1,5508.277613997616,6095.449852597849,20.628054294575765,20.00076149518834,-0.000761495188339012,-0.10096426530674911,9.863797152806026,2.4443631162699693
588,20.0,10.141269020985959,1,5518.1363449766295,6106.322710478961,19.828825185794066,18.471850534021826,1.5281494659781742,-0.10138083584935877,9.89154433962402,2.122901080388993
589,20.0,10.966669689099772,1,5527.16967528753,6116.452707758772,18.13207704366315,18.561647853144994,1.4383521468550065,-0.10109644820517585,9.999056874571595,1.815519500935312
590,20.0,9.266575412476058,1,5537.903099875053,6128.112789887543,21.506454118091423,22.987773703070324,-2.9877737030703244,-0.10000943214385352,9.92580872836204,1.680650451417767
591,20.0,10.149421673384165,1,5547.753678201669,6138.978310381497,19.582685558961288,18.38279825181031,1.6172017481896894,-0.10074745820384352,9.948170022864254,2.4242736426829206
592,20.0,11.092779310487865,1,5556.660898891181,6148.994809002058,18.322564527335036,18.402335953311916,1.5976640466880845,-0.10052100011375584,10.062630951626616,1.8012133604431773
593,20.0,9.008944511092439,1,5567.651954380089,6160.886758942075,22.127950801395528,23.588071472174036,-3.588071472174036,-0.09937758870490533,9.957262307573199,1.6443951300729545
594,20.0,9.2313584758925,1,5578.4205959041965,6172.578536313772,21.725598307332675,20.294438129171535,-0.2944381291715352,-0.10042921127421034,9.88467192440513,2.5233158699050997
595,20.0,9.745836036123498,1,5588.674759868073,6183.80728388126,20.75671056309785,18.622233869409065,1.3777661305909348,-0.10116673650351639,9.870788335576966,2.2237398802353345
596,20.0,9.687646952286753,1,5598.987112915786,6195.088401624203,20.412972223192952,20.051602674616202,-0.05160267461620194,-0.10130903084971765,9.852474197247945,1.9169393028313544
597,20.0,10.487560772652186,1,5608.499552143134,6205.649596928815,18.362706805923683,18.393597055036423,1.6064029449635768,-0.10149734777070782,9.91598285478837,2.0651137179634875
598,20.0,10.144995831892503,1,5618.354556311241,6216.519100680112,19.229249591235757,20.768576368081877,-0.7685763680818773,-0.10084729014200604,9.938884152498783,1.7373117721297948
599,20.0,8.935022764214724,1,5629.419533547027,6228.477580192319,21.559898546197893,22.432659194099962,-2.432659194099962,-0.10061491658986539,9.838498013670378,2.05213995060184
600,20.0,10.309246241740487,1,5639.110287305286,6239.199258574752,18.826879562999718,17.012043132248444,2.9879568677515564,-0.10164153091361322,9.885572836477388,2.465807437883045
601,20.0,9.65347666758661,1,5649.456810637699,6250.511129573924,20.57218893781863,21.359012434981842,-1.3590124349818424,-0.10115751677131324,9.86236321958831,1.6214915347363545
602,20.0,10.764668330164744,1,5658.692142307535,6260.822928076776,17.84610267490484,17.74147744673109,2.258522553268911,-0.10139557606374018,9.952593730645953,2.1939863137324647
603,20.0,9.623447478137848,1,5669.068694829397,6272.161825346452,20.71700700287752,22.292911225218674,-2.292911225218674,-0.10047632075252981,9.919679105395142,1.6053047784183199
604,20.0,9.61803083013866,1,5679.450663999258,6283.505597599327,20.5192171667373,20.252271420701504,-0.2522714207015042,-0.1008097126303327,9.889514277869493,2.291595877968237
605,20.0,10.324678966482718,1,5689.125985032775,6294.213386529493,19.443052449257785,18.435802718564677,1.564197281435323,-0.10111720069384751,9.933030746730815,2.113040877392916
606,20.0,10.457755889402161,1,5698.668229143373,6304.80140622903,19.185209346932982,19.884583682701,0.11541631729900104,-0.10067420765098534,9.98550326099795,1.7739196852609065
607,20.0,10.268859618361722,1,5708.399369525011,6315.559432572505,19.548328033732716,20.299410086574063,-0.2994100865740634,-0.10014517785056135,10.013838896734327,1.9072393940517736
608,20.0,8.988641609569115,1,5719.410727915442,6327.469655123893,22.15758445779187,22.514289056208806,-2.5142890562088063,-0.09986180228305011,9.911319168017807,1.9786216653060902
609,20.0,10.32282066395695,1,5729.087907251485,6338.179116526332,19.302874662472284,17.184274445607365,2.8157255543926354,-0.10089474297496495,9.95246931761172,2.4537881103605192
610,20.0,9.379415168995362,1,5739.70849208249,6349.737642874236,21.49840628301492,21.822017643796773,-1.822017643796773,-0.10047757677890219,9.895163902750085,1.637869368720572
611,20.0,10.141165666952958,1,5749.567326415537,6360.6105937739785,19.32053001525935,18.64158635185142,1.3584136481485807,-0.10105946802175535,9.91976407917037,2.285775822347867
612,20.0,9.145759338760564,1,5760.421567076776,6372.379410369094,21.600606039949888,21.89759804612461,-1.8975980461246102,-0.10080884908339816,9.84236360512939,1.830792576704293
613,20.0,10.267793288525839,1,5770.15377378825,6383.138396409421,18.776494299300808,17.776572340506966,2.2234276594930336,-0.10160161116978503,9.884906573469035,2.3491927649705087
614,20.0,9.516040657415576,1,5780.637733130834,6394.573959817747,20.690995936782926,21.483601359403973,-1.4836013594039734,-0.1011643349957386,9.84801998186369,1.7121586138249998
615,20.0,9.230419209843687,1,5791.40731392099,6406.266582528888,20.9335383829377,20.867356431420937,-0.8673564314209372,-0.10154325456707236,9.78625990466169,2.2335112262287127
616,20.0,10.42829208188944,1,5800.979021839101,6416.881119655187,18.50431953096786,17.294027448963824,2.705972551036176,-0.10218408357657141,9.850463122384467,2.260516755509403
617,20.0,10.14498671300605,1,5810.834035126095,6427.750631613481,19.283630132396347,20.77313219087552,-0.7731321908755184,-0.10151806951366299,9.879915481446623,1.6284787477255371
618,20.0,9.631613919164261,1,5821.202421206931,6439.082179086234,20.136613082607365,20.98361238166153,-0.9836123816615299,-0.10121544074722989,9.855085325218388,2.054642137372044
619,20.0,10.870707309412639,1,5830.331713897518,6449.298542507762,17.863075449144844,17.33441305478995,2.6655869452100482,-0.10147045581037017,9.956647523637812,2.1754977531585644
620,20.0,9.735608547058154,1,5840.59610535046,6460.53649481541,20.586925767407834,22.313746690497652,-2.313746690497652,-0.10043541238413096,9.934543625979845,1.5428584963834795
621,20.0,10.019264604382562,1,5850.576840746077,6471.519156671466,19.85568582068259,19.53303490943615,0.4669650905638498,-0.10065887650690848,9.943015723820118,2.273691002341321
622,20.0,10.161348068607161,1,5860.41549267747,6482.37394340972,20.059590825028337,19.732066142122665,0.2679338578773347,-0.10057310857955667,9.964848958298822,1.94865569347903
623,20.0,9.628200439522832,1,5870.787292237947,6493.708563014149,20.97726295501414,21.037269363805038,-1.0372693638050379,-0.100352750371313,9.931184106421222,1.9416709171920945
624,20.0,10.282681776039958,1,5880.504610461908,6504.454149415713,19.53620129919404,18.65560449037289,1.344395509627109,-0.10069292737745425,9.966333873383096,2.1766369280808107
625,20.0,9.679928591701165,1,5890.824681870206,6515.742213683182,20.850020880721935,21.197110292471347,-1.197110292471347,-0.10033779850288596,9.937693345214903,1.8035767549844461
626,20.0,9.753017006670275,1,5901.071664863536,6526.964498377179,20.403783315361256,19.953196709228887,0.04680329077111267,-0.10062697300692115,9.91922571136044,2.1781889202811135
627,20.0,10.817585583882005,1,5910.254079279654,6537.228671351685,18.2893042048752,17.787107960477805,2.2128920395221954,-0.1008143205023256,10.009061698612596,2.049079120000505
628,20.0,9.37564836849254,1,5920.878430911162,6548.790587820042,21.20517240406601,22.67936270498312,-2.67936270498312,-0.09990946505391357,9.94572036560059,1.6113813852346703
629,20.0,8.552331801442307,1,5932.3260991097195,6561.093489198744,22.83070199933671,22.41029001873303,-2.410290018733029,-0.1005457587022771,9.806381509184762,2.370005415696315
630,20.0,10.966562197007136,1,5941.359536912712,6571.223583221437,17.46231697584684,14.019110049621734,5.980889950378266,-0.10197441319852682,9.922399577967,2.588886057369873
631,20.0,11.529596771564202,1,5949.829940141149,6580.84694612703,17.30518261134088,20.794644427742632,-0.7946444277426323,-0.10078207314090953,10.083119297326718,1.1470015720319902
632,20.0,9.756838440730402,1,5960.073101700418,6592.065791530373,20.118886532846517,22.223825536275847,-2.2238255362758466,-0.09917565889209747,10.050491211667087,1.9033643945503895
633,20.0,8.837897175627889,1,5971.23520452479,6604.111684072308,22.378260028571802,22.18347067847888,-2.18347067847888,-0.09949762443841079,9.929231808063166,2.2675478634286326
634,20.0,9.813709614282434,1,5981.421494910507,6615.279345419453,20.646230237235866,17.811950527163436,2.188049472836564,-0.1007127257506403,9.917679588685093,2.483415661275144
635,20.0,9.828266230095599,1,5991.593228680412,6626.433905812368,20.582482500434303,19.86904963437362,0.1309503656263793,-0.10083003701197228,9.908738252826144,1.8256425368134621
636,20.0,9.886045695386645,1,6001.707182985026,6637.53646468652,19.93913798879601,19.917656983458848,0.08234301654115228,-0.10092102288752887,9.906468997082193,2.0181368026879705
637,20.0,9.331967174846891,1,6012.375215810179,6649.137694229158,20.968234200709393,21.11667809932855,-1.1166780993285492,-0.1009441406715688,9.849018814858663,2.014685492551442
638,20.0,10.347736685485886,1,6022.027479124693,6659.824731212221,18.593514683246926,17.8553050931218,2.1446949068782004,-0.10153295661201865,9.898890601921385,2.247967233147129
639,20.0,10.314704425171652,1,6031.712774699521,6670.541497229567,19.019776128335625,20.266982566795964,-0.26698256679596355,-0.1010214215122146,9.940471984246411,1.7051698043236116
640,20.0,9.103356628108417,1,6042.609418071413,6682.348476264269,21.250262988455315,22.304278507904378,-2.304278507904378,-0.10059884496277369,9.856760448632611,1.9731956895358986
641,20.0,10.419518039016932,1,6052.189900032396,6692.970910029154,18.634201135908278,17.18592826337805,2.814071736621951,-0.1014532112463711,9.913036207671043,2.4107017378796356
642,20.0,11.231610989167535,1,6060.958289043228,6702.862460138903,17.71421565501378,19.04697931228972,0.9530206877102785,-0.10087726696954523,10.044893685820693,1.6149908475803385
643,20.0,10.103176199462236,1,6070.855112843767,6713.7696015593865,19.850307185565793,21.808739859664726,-1.8087398596647262,-0.0995530695771916,10.050721937184846,1.7062198176393815
644,20.0,9.797604902758897,1,6081.057507941007,6724.951757146903,20.61149039699001,20.6228197237993,-0.6228197237992994,-0.0994953403596095,10.025410233742251,2.162357060336216
645,20.0,9.914798071355488,1,6091.142709869652,6736.028438882683,20.74275132756989,19.743353938719288,0.256646061280712,-0.09974654170602687,10.014349017503577,2.1058891603049563
646,20.0,10.369154060181137,1,6100.773555809471,6746.69620022852,19.774621437421796,19.084735369024703,0.9152646309752974,-0.09985671542425277,10.049829521771333,1.992314749090892
647,20.0,8.96159703669567,1,6111.811958772775,6758.630762895494,22.474380519519777,22.636797251758946,-2.6367972517589457,-0.09950417545229613,9.941006273263765,1.8353802396955863
648,20.0,10.09863442178638,1,6121.713324350989,6769.541991915886,19.716502904382324,17.836258494962223,2.163741505037777,-0.10059343818034697,9.956769088116026,2.455830929307933
649,20.0,9.765721630322314,1,6131.9476027206665,6780.752842448595,20.608499264171893,20.66359407659959,-0.6635940765995905,-0.10043418614513791,9.937664342336657,1.7584634365413359
650,20.0,11.108695007773628,1,6140.838907712893,6790.755016941599,17.215004683804064,17.246768791678168,2.753231208321832,-0.10062726668476596,10.054767408880354,2.107972652821491
651,20.0,9.895496359717026,1,6150.943411353176,6801.849070217853,20.23398058448678,22.478070354625338,-2.4780703546253378,-0.0994553090424351,10.03884030396402,1.4924666636404236
652,20.0,11.000732566671712,1,6159.942678786504,6811.9484109078485,17.7095640850054,17.589516981375052,2.410483018624948,-0.0996130996929129,10.13502953023479,2.2624450892164862
653,20.0,9.337755581330796,1,6170.604923205174,6823.544430884651,21.799243701333175,23.249031308410252,-3.2490313084102524,-0.09866769475281773,10.055302135344391,1.5357529492029205
654,20.0,10.352355500081675,1,6180.252567705092,6834.227310934577,19.479997165112525,18.146426319370416,1.8535736806295837,-0.09945002015255211,10.08500747181812,2.424820611004113
655,20.0,10.191640158274737,1,6190.060927546817,6845.054834792129,20.5089862354418,20.507090827866634,-0.5070908278666337,-0.09915709064117535,10.095670740463781,1.7307651386398448
656,20.0,9.47857165128113,1,6200.582355895535,6856.524120305977,21.451870222349985,21.38824184091059,-1.3882418409105917,-0.0990523587493763,10.033960831545516,2.0170601320898305
657,20.0,10.106437668782164,1,6210.4759182267535,6867.428326404073,20.090209274868478,18.714150238210664,1.2858497617893363,-0.09966154111904896,10.04120851526918,2.2435295547053213
658,20.0,10.72751130209896,1,6219.748406924655,6877.773566232184,18.830683593941508,18.88903219646967,1.110967803530329,-0.09958960601996746,10.109838793952159,1.8480631232578595
659,20.0,9.80572497742804,1,6229.942681947226,6888.948413752499,20.524668239049404,21.67349783812767,-1.6734978381276697,-0.09891354554517856,10.079427412299747,1.755661554650036
660,20.0,8.984822410498142,1,6240.957859536728,6900.86207358305,22.08970471834066,21.90563819794287,-1.9056381979428707,-0.09921198487720817,9.969966912119586,2.200139161024199
661,20.0,9.989462304113532,1,6250.968397232615,6911.871557509347,19.97674161974367,17.786170742161886,2.213829257838114,-0.10030123558227566,9.97191645131898,2.4144910628321705
662,20.0,9.458546143124492,1,6261.50985108949,6923.3588659805355,21.0404615341273,20.944870678364136,-0.9448706783641363,-0.10028162639366382,9.920579420499532,1.7805379187201884
663,20.0,9.794595436801671,1,6271.715255652689,6934.543730087414,19.82617174775768,19.47853178331558,0.5214682166844185,-0.10080056392005043,9.907981022129746,2.191651409551039
664,20.0,9.951047338188927,1,6281.7642083145,6945.587787483044,19.563709411288347,19.652200479384607,0.34779952061539277,-0.10092873591163253,9.912287653735666,1.992386392118132
665,20.0,8.97660867039069,1,6292.78759964411,6957.508839679693,21.385162829804493,21.92640060829163,-1.9264006082916296,-0.10088488499656563,9.818719755401167,1.9746655470858898
666,20.0,9.030604996407593,1,6303.756994647702,6969.381295182926,21.276448326116405,20.268460670070507,-0.2684606700705068,-0.10184627170460907,9.73990827950181,2.3982822797405854
667,20.0,10.289240101315315,1,6313.467754546387,6980.120979091742,18.440990961448726,17.014250793597988,2.985749206402012,-0.10267037135293736,9.794841461683161,2.26005124260827
668,20.0,9.686368782298192,1,6323.7813857640895,6991.4032471876735,19.710040357392483,21.22739230259627,-1.2273923025962716,-0.10209455700859893,9.783994193744665,1.629801512394629
669,20.0,8.46115339490766,1,6335.320232369182,7003.788209132256,22.029420943192743,22.811144799567195,-2.811144799567195,-0.10220774667255463,9.651710113860965,2.176564664826061
670,20.0,10.47090642196488,1,6344.849325947217,7014.364393352488,17.713129889139328,15.312464580389108,4.687535419610892,-0.10360858212721133,9.733629744671358,2.626198641360594
671,20.0,10.163421853164543,1,6354.685904094053,7025.21731368464,19.00843560484109,21.13704028069356,-1.1370402806935616,-0.10273659736723051,9.776608955520675,1.3947491803935894
672,20.0,9.571675105578109,1,6365.114228988475,7036.602806089621,19.797382505992957,21.098653608183803,-1.0986536081838025,-0.10228495427704695,9.75611557052642,2.0935088635459365
673,20.0,9.209901873365055,1,6375.9043271151095,7048.313894403592,20.989389672209295,20.815852644927208,-0.8158526449272081,-0.10249981078750608,9.701494200810284,2.202281983254811
674,20.0,10.501484737788601,1,6385.402842377321,7058.862558139582,18.333775682753675,17.10247670756521,2.8975232924347907,-0.10307690540251814,9.781493254508115,2.2580974528327076
675,20.0,10.209610373536258,1,6395.193232003784,7069.673908803399,19.366173667540743,20.863735983612703,-0.8637359836127025,-0.1022338792227984,9.82430496641093,1.5905348127724843
676,20.0,11.429561369610443,1,6403.763670634174,7079.38730357075,16.739417120937127,17.38079899456148,2.6192010054385193,-0.10178837112843878,9.984830606730881,2.0545790192341906
677,20.0,10.252113159234963,1,6413.511557474939,7090.1604017274385,19.94717375621878,22.577082844283296,-2.5770828442832965,-0.10015192439277731,10.011558861981289,1.4439672992629036
678,20.0,10.23262188475721,1,6423.278935590181,7100.951042031157,19.875480469398813,19.850363830876816,0.149636169123184,-0.09988454483322089,10.033665164258881,2.2210064311338247
679,20.0,9.89984324193486,1,6433.379092348247,7112.041183113416,21.18898209411885,20.709797830914372,-0.709797830914372,-0.09966447789807856,10.020282972026479,1.933421119122846
680,20.0,10.490065520320474,1,6442.8890268279265,7122.600124145128,19.82799933369955,18.783456318368653,1.2165436816313466,-0.09979758084593916,10.067261226855878,2.0902006255415513
681,20.0,10.375051120748893,1,6452.513975707177,7133.262578136454,20.22753206556366,20.349844639159695,-0.349844639159695,-0.09933188157791666,10.09804021624518,1.7767249013688118
682,20.0,10.751035005139117,1,6461.762940702039,7143.586646631828,19.185625112311026,19.191715946585354,0.8082840534146456,-0.09902911640134432,10.163339695134573,1.9680085389416477
683,20.0,9.68720624881763,1,6472.075734453221,7154.868161007893,21.397838830884297,22.019531939221128,-2.019531939221128,-0.09839285412045445,10.115726350502879,1.7726662947286969
684,20.0,9.738755516233622,1,6482.336978936987,7166.103281043283,21.07280546170601,20.05775499716875,-0.05775499716875032,-0.09885597586873111,10.078029267075953,2.2550906946420497
685,20.0,9.712538097452812,1,6492.624440839534,7177.361996755575,21.18795921645471,20.00482359443905,-0.004823594439049117,-0.09922574875495879,10.041480150113639,2.064643783275222
686,20.0,10.474481032707393,1,6502.149959806827,7187.934963826138,19.199244658734543,18.42916275089834,1.5708372491016611,-0.09958691199411304,10.084780238373014,2.0598310098771484
687,20.0,10.89902466417804,1,6511.250935142649,7198.125841628378,18.448604392464745,19.393996944608663,0.6060030553913371,-0.09915932487997685,10.166204680953518,1.7465017644058367
688,20.0,9.72469570411042,1,6521.526239438538,7209.373615494679,20.620058877350644,22.051211741809237,-2.0512117418092366,-0.09836512556878868,10.122053783269207,1.7833756171382307
689,20.0,9.745135763324145,1,6531.781103675214,7220.602993307687,20.627766394503944,20.107652199372506,-0.10765219937250592,-0.09879417966074286,10.084361981274702,2.251744878200815
690,20.0,10.18844633432188,1,6541.5926573408915,7231.433391606797,19.969936787516517,19.037292242087922,0.962707757912078,-0.09916343759346054,10.09477041657942,2.0680640861114163
691,20.0,9.852543099992259,1,6551.740114240899,7242.566102816804,20.554490651680972,20.655785731802172,-0.6557857318021725,-0.09906119294774875,10.070547684920705,1.865661111424135
692,20.0,10.571232191883935,1,6561.168882049015,7253.051993844108,18.882609472964706,18.534111990911082,1.4658880090889177,-0.09929946526119587,10.120616135617027,2.092629632889438
693,20.0,8.648933625628572,1,6572.519948423387,7265.267953581043,22.7717374048541,23.522845630584264,-3.522845630584264,-0.09880821351189728,9.973447884618182,1.735620483413741
694,20.0,9.503976971849863,1,6583.015971451538,7276.714374306378,20.81827457426062,18.929249593647313,1.070750406352687,-0.10026622804559664,9.926500793341349,2.5877162907466547
695,20.0,9.530550199623132,1,6593.485421251914,7288.136879126717,20.893275907747945,19.67287940778956,0.32712059221044143,-0.10074043419920899,9.886905733969527,2.0204888261980103
696,20.0,8.607786392568313,1,6604.877634859346,7300.389871373405,22.27559965471739,21.92564185919411,-1.9256418591941085,-0.10114387927905394,9.758993799829405,2.0617655619240094
697,20.0,9.421816933378718,1,6615.455817925967,7311.910236133364,20.161151035122337,18.51844241749221,1.48155758250779,-0.10246958042103488,9.725276113184337,2.4843615204172664
698,20.0,9.450906330492444,1,6626.004911595474,7323.404420435922,19.892612433024283,19.69884650958812,0.3011534904118811,-0.10282484408276311,9.697839134915148,1.9913006488260778
699,20.0,9.879337207288701,1,6636.125574388186,7334.513016949361,18.54479942164968,19.166744583623142,0.8332554163768577,-0.10311575456017807,9.715988942152503,2.078287388633416
700,20.0,10.667779534996159,1,6645.45779485319,7344.912015367865,17.123840220462178,18.4785496881599,1.5214503118400984,-0.10292313072337211,9.811168001436869,1.9393159398912052
701,20.0,9.85296360928558,1,6655.604831243904,7356.044348119508,19.113653738843123,21.576547926770036,-1.5765479267700364,-0.10192466379676178,9.81534756222174,1.7154231388271006
702,20.0,9.381511767837308,1,6666.223319476067,7367.600987528454,20.361341008789683,21.070029948957973,-1.0700299489579734,-0.10188126234560423,9.771963982783296,2.1858436556157907
703,20.0,9.965827275271883,1,6676.257492200795,7378.6317429807095,19.672725221803457,18.699818716852008,1.3001812831479924,-0.10233357406575043,9.791350312032156,2.2446918468688466
704,20.0,10.62950417286481,1,6685.627988027931,7389.065189225131,18.598124378182103,18.770753078416664,1.2292469215833357,-0.10213095927853223,9.87516569811542,1.8748819619743526
705,20.0,9.414424710331057,1,6696.213563317599,7400.5922069858325,21.05880326428845,22.224931908847985,-2.224931908847985,-0.10126412361777791,9.829091599336985,1.7574967859068304
706,20.0,9.45365506964713,1,6706.759908247952,7412.0839174231505,20.96562521714311,20.20475460729512,-0.20475460729511852,-0.10173880158645121,9.791547946368,2.329276574967612
707,20.0,10.335129375564534,1,6716.424778872387,7422.782300985143,19.290014745212435,18.003137595305716,1.9968624046942836,-0.1021288978491835,9.845906089287654,2.148170207184918
708,20.0,9.867078330561519,1,6726.557700541825,7433.901930487637,20.193149902766766,20.98048302221539,-0.9804830222153917,-0.1015650556618654,9.84802331341504,1.7251970647041164
709,20.0,10.388490814425685,1,6736.1692097274,7444.552288754654,18.881311602476497,18.930983875449254,1.0690161245507461,-0.10154322021534959,9.902070063516105,2.122493010837313
710,20.0,9.991811924922821,1,6746.177397802477,7455.559658022224,20.013214681727572,20.849958453635054,-0.849958453635054,-0.10098898448360526,9.911044249656776,1.8095842433457199
711,20.0,10.42099818885374,1,6755.756399613623,7466.180759652255,19.05449415963576,19.098829820834293,0.9011701791657067,-0.10089754165254892,9.962039643576473,2.0872404196428787
712,20.0,9.378953131575615,1,6766.377446482047,7477.739701833837,21.434195082282574,22.013499023006915,-2.013499023006915,-0.10038105004378299,9.903730992376387,1.821667147510005
713,20.0,9.99274920952704,1,6776.3846972725205,7488.746227545263,20.017922636136703,18.865883177758004,1.134116822241996,-0.10097204788475897,9.912632814091452,2.3164411874942368
714,20.0,9.873585991382106,1,6786.511111281138,7499.8600001530185,20.510266836141714,20.231776916653878,-0.23177691665387812,-0.10088137215961787,9.908728131820517,1.887268341752268
715,20.0,9.270465445537521,1,6797.240645835601,7511.5165812520345,21.4017569440565,21.252826702564676,-1.2528267025646755,-0.10092112597061147,9.844901863192218,2.0472489030445615
716,20.0,9.061913231278787,1,6808.178732604322,7523.360859343884,21.74459207586917,20.622381930523193,-0.6223819305231935,-0.10157541577318975,9.766603000000874,2.2766102748404027
717,20.0,10.411449421164797,1,6817.767283183158,7533.990554864836,18.497326183658384,16.91247847898191,3.0875215210180897,-0.10238974595362486,9.831087642117266,2.2772913253886506
718,20.0,9.789428570669212,1,6827.977854612489,7545.1800691512335,19.849430523013428,21.3253193983661,-1.3253193983661014,-0.10171814517408123,9.82692173497246,1.5922440179315043
719,20.0,9.386631831011602,1,6838.591222781477,7556.732100503323,20.322810354906522,20.971400532203855,-0.9714005322038552,-0.10176126634255753,9.782892744576376,2.168394290156014
720,20.0,9.942292637846,1,6848.648930143631,7567.784037129261,19.412797319394468,18.777238160814413,1.222761839185587,-0.10221925417248377,9.798832733903339,2.2322982414444215
721,20.0,10.676811314409582,1,6857.9721188292215,7578.174906946293,18.073020669294202,18.6183984979181,1.3816015020818995,-0.10205297173203738,9.886630591953963,1.8880955248960563
722,20.0,8.631557292776847,1,6869.3405615364445,7590.4065053827935,22.14595861107786,23.66450917182059,-3.6645091718205904,-0.10114669408340492,9.761123262036252,1.7324671341301743
723,20.0,9.102016786058003,1,6880.238544750387,7602.214690275341,21.369812922895633,19.885517619654507,0.11448238034549263,-0.10244722591397659,9.695212614438427,2.6124970005097667
724,20.0,9.446268134862839,1,6890.792276615523,7613.713048953965,20.812369059304476,18.888450009727595,1.1115499902724046,-0.10314368954743369,9.670318166480868,2.222789710196152
725,20.0,10.876707320032198,1,6899.915569295491,7623.924012365936,17.223384353982745,17.046515956370957,2.953484043629043,-0.10340921392495514,9.790957081836002,2.0081384384710996
726,20.0,10.169552189751577,1,6909.746017105739,7634.771415395159,19.004140770519967,21.565500626451808,-1.5655006264518079,-0.10213506112238824,9.82881659262756,1.5222907598153852
727,20.0,10.460390344276735,1,6919.2856267614625,7645.35706408531,18.242185650635783,19.248615145309802,0.7513848546901976,-0.10174164820107481,9.891973967792477,2.1334658408184923
728,20.0,9.315903448524262,1,6929.969723312938,7656.9727509816385,21.17823846767486,22.239468596466335,-2.2394685964663346,-0.1010920573846964,9.834366915865656,1.8258182518559585
729,20.0,9.328278474837685,1,6940.6414448381,7668.5773003542845,21.291734197970552,20.293553283539502,-0.2935532835395023,-0.10168422721616305,9.78375807176286,2.3526222305781563
730,20.0,10.268688230033627,1,6950.372756608066,7679.335480947254,19.506408304634427,17.82530564402158,2.1746943559784206,-0.10221021336229931,9.832251087589935,2.188034843029249
731,20.0,10.034964598561269,1,6960.3377920095045,7690.304012808549,19.911140760493915,20.564861691838235,-0.5648616918382352,-0.10170610891560525,9.852522438687068,1.7200303780501636
732,20.0,10.329243291318475,1,6970.008548718186,7701.007693846362,19.044600293145027,19.376302455114836,0.6236975448851645,-0.10149685080374793,9.900194523950208,2.0513176656930874
733,20.0,9.887397405442929,1,6980.121151312743,7712.109036181463,20.162344411815752,20.892176586374877,-0.8921765863748767,-0.10100811631335471,9.89891481209948,1.869463227862633
734,20.0,10.166886235872775,1,6989.95426507687,7722.958838569178,19.554685875054734,19.42805613295068,0.5719438670493204,-0.10102117444002005,9.92571195447681,2.1111793675521153
735,20.0,10.094871450943065,1,6999.859393625927,7733.873454263329,19.974938205193602,20.17567383635381,-0.17567383635380907,-0.10074844047322655,9.942627904123436,1.9071448695662498
736,20.0,10.466660433450954,1,7009.392733192476,7744.453459873223,19.180860405095782,19.24679718798504,0.7532028120149583,-0.10057703150947418,9.995031157056188,1.9995753928809101
737,20.0,10.484204969166683,1,7018.908528223309,7755.0176754009735,19.4053363162482,20.046758072734715,-0.04675807273471477,-0.1000497131311122,10.043948538267237,1.8313300027723898
738,20.0,9.028076803364938,1,7029.880451419944,7766.892406277945,22.22181165217642,22.749130488088962,-2.749130488088962,-0.09956243763994016,9.942361364777009,1.9159814389481709
739,20.0,8.651638866795487,1,7041.228812553149,7779.10593129783,23.14574390398226,21.44251903537257,-1.4425190353725696,-0.1005797278242892,9.813289114978856,2.4627254767290387
740,20.0,10.601047238590905,1,7050.627765314558,7789.564988783098,18.53557120895675,15.161878181243456,4.8381218187565445,-0.10190263308085107,9.892064927340062,2.4790608194311137
741,20.0,10.712635055957161,1,7059.915130258601,7799.923617232736,18.5328440789723,20.572281120364195,-0.5722811203641953,-0.10109112782268162,9.974121940201773,1.3619055428165794
742,20.0,9.387626188291998,1,7070.527504070308,7811.474753663274,20.55398314160538,22.169506955412203,-2.169506955412203,-0.10025945200944379,9.915472365010796,1.9603224282517182
743,20.0,8.884098756072623,1,7081.643405314236,7823.479064782809,21.865067031108413,21.390975460500762,-1.390975460500762,-0.10085248218014788,9.81233500411698,2.338845173316935
744,20.0,10.05942089260432,1,7091.583984421632,7834.425585979465,19.426441795911945,17.220703234536504,2.7792967654634957,-0.1019125416713176,9.837043592965713,2.402749868407855
745,20.0,10.558502935810317,1,7101.025481485822,7844.922933337236,18.521698973163065,19.237578224451184,0.7624217755488161,-0.10165655875664528,9.909189527250174,1.703188900870935
746,20.0,11.07855671346059,1,7109.946924772361,7854.952232295122,17.39027359608932,18.986690913903775,1.0133090860962248,-0.10091642684298346,10.026126245871215,1.8279355185267336
747,20.0,10.30977854326087,1,7119.6371462291,7865.673431606187,19.33734903607137,21.441716720437,-1.4417167204370003,-0.09973941834333103,10.054491475610181,1.7017799286227429
748,20.0,9.776969982048582,1,7129.860176247052,7876.874158622343,20.572419204660648,21.001271255188904,-1.0012712551889038,-0.09945803847223537,10.02673932625402,2.0906728263233534
749,20.0,9.464121627049082,1,7140.396054620002,7888.356449157999,21.62041015548787,20.686644097889936,-0.6866440978899355,-0.09973331982228753,9.970477556333526,2.146488386121162
750,20.0,10.006870775002392,1,7150.389183845,7899.350265460497,20.45086223692563,18.83270511243797,1.1672948875620293,-0.10029609859206513,9.974116878200412,2.1838933945308936
751,20.0,9.820441177668846,1,7160.568742667331,7910.511868400596,20.72497656310531,20.355868219224394,-0.35586821922439427,-0.10025950289249325,9.958749308147256,1.8814670908297795
752,20.0,9.390959256562711,1,7171.177783410769,7922.060005069689,21.2190552232897,20.921112478968926,-0.9211124789689258,-0.10041421558647928,9.901970302988802,2.0695176295939968
753,20.0,11.229253390517972,1,7179.9485300202505,7931.953677018223,17.074119148329324,16.00266698401615,3.9973330159838483,-0.10099000192902627,10.03469861174172,2.2190652065963716
754,20.0,11.071101041243278,1,7188.877428979007,7941.989686081104,18.25098646348594,21.29061761042572,-1.2906176104257199,-0.09965421371299465,10.138338854691876,1.3288695784442304
755,20.0,10.681629210133258,1,7198.195799768874,7952.376219791984,18.696488321284395,20.08795386581363,-0.08795386581363118,-0.09863548795641354,10.192667890236013,1.9849653388546686
756,20.0,9.447489761314523,1,7208.74831000756,7963.873479006801,21.635349546802757,22.38970586560422,-2.3897058656042205,-0.09810974033186563,10.118150077343865,1.8733280953296187
757,20.0,10.513011594578368,1,7218.235298412981,7974.41176857168,19.601708132764955,17.792587027982883,2.207412972017117,-0.09883229566234225,10.157636229067315,2.3396834119641077
758,20.0,10.383775845698741,1,7227.851522567283,7985.066370310551,20.36826203872456,20.52794072489613,-0.5279407248961299,-0.09844810125591799,10.180250190730458,1.662655912419206
759,20.0,10.265527374522431,1,7237.5859951927605,7995.827395673481,20.15403082098698,20.1195529754871,-0.11955297548709964,-0.09822941295789976,10.188777909109657,1.9880505895936456
760,20.0,10.749799160226265,1,7246.836196032535,8006.152576429277,19.297084161003283,19.061281164784475,0.9387188352155249,-0.09814719772289007,10.244880034221318,1.9589456041762348
761,20.0,10.381222685716766,1,7256.4549733468175,8016.809476012132,20.085863200671383,20.774857804078874,-0.7748578040788736,-0.09760973253563403,10.258514299370862,1.761490328674423
762,20.0,10.444008541782601,1,7266.010964805035,8027.409868324527,19.852319244367823,19.7993080925644,0.20069190743560128,-0.09748000254396763,10.277063723612036,2.0083811333166848
763,20.0,10.382143770023326,1,7275.628821035011,8038.065938931506,20.154508101712825,20.163580082411514,-0.16358008241151367,-0.09730405754928356,10.287571728253166,1.8912980252544482
764,20.0,10.204474844801263,1,7285.42434619021,8048.881911571185,20.436707500852595,20.329897744140357,-0.3298977441403572,-0.09720466854716166,10.279262039907977,1.9436259719308884
765,20.0,8.92983332217149,1,7296.494512868038,8060.845061581231,22.904637184925893,22.538533053327697,-2.538533053327697,-0.09728324816680638,10.144319168134329,1.9923512622166486
766,20.0,10.050172646446335,1,7306.444340221592,8071.799906199429,20.24568329393535,17.78036862375805,2.2196313762419493,-0.0985773400290118,10.13490451596553,2.4634566291081526
767,20.0,9.666284824690525,1,7316.778055396901,8083.100249857207,21.042792933793887,20.68427208326782,-0.6842720832678211,-0.09866891182099431,10.088042546838029,1.7686315736136586
768,20.0,9.232095425415988,1,7327.545959971486,8094.791363974333,21.297172869030852,21.048972062150018,-1.0489720621500176,-0.09912725837119289,10.002447834695825,2.1268519351589195
769,20.0,11.009089971580494,1,7336.536869999905,8104.883182999911,17.25996056785092,16.078226095100497,3.921773904899503,-0.09997552764347009,10.103112048384292,2.2681934684438456
770,20.0,11.037397204531421,1,7345.499472795374,8114.949525515833,17.91201013856852,20.814123507364496,-0.8141235073644957,-0.09897940309985198,10.196540563999005,1.382944031539365
771,20.0,10.815532360177368,1,7354.683940435196,8125.215546391673,18.157723859512036,19.871176672970478,0.12882332702952226,-0.09807247798637773,10.25843974361684,1.936376882519962
772,20.0,10.153128050113525,1,7364.530812385083,8136.077731146571,20.09479966325809,21.295781071820112,-1.2957810718201124,-0.09748071100405253,10.247908574266509,1.829524409567815
773,20.0,10.810375072571594,1,7373.720437312511,8146.3483935812565,19.105036732816107,18.610983926847272,1.3890160731527281,-0.09758088616355311,10.304155224097018,2.0984283147149436
774,20.0,10.007231908361096,1,7383.71320540415,8157.341884863731,21.17296712751983,21.647254254697017,-1.6472542546970175,-0.09704822746278385,10.274462892523427,1.6951470524008707
775,20.0,10.121678366138667,1,7393.591527038012,8168.232374334207,20.70015778839668,19.793546777111683,0.20645322288831736,-0.09732868865852687,10.259184439884951,2.159099181682685
776,20.0,9.34391717772281,1,7404.247609860289,8179.822848874256,22.366207899505103,21.53922637609638,-1.53922637609638,-0.09747363504961162,10.167657713668737,1.9536046878215196
777,20.0,10.238194782699304,1,7414.00941507759,8190.608473569828,20.004112420162496,18.200675678361964,1.7993243216380357,-0.09835106847230558,10.174711420571793,2.279557206429823
778,20.0,10.03623155705465,1,7423.973183520536,8201.57586516848,20.431376432538695,20.447993650492233,-0.44799365049223283,-0.09828288574142209,10.16086343422008,1.7688593499410685
779,20.0,9.218408729899322,1,7434.7547747906365,8213.27929731157,21.563982438103555,21.663814902742804,-1.6638149027428035,-0.09841683302544627,10.066617963788005,2.0376812634510495
780,20.0,9.969281732910042,1,7444.785493057727,8224.306943751952,19.817449457934707,18.489782716408573,1.5102172835914267,-0.09933822894613022,10.056884340700208,2.3245438144087545
781,20.0,9.952162261685915,1,7454.833330796041,8235.349997716434,19.865652126055565,20.008885254939887,-0.008885254939887233,-0.09943437411853294,10.046412132798778,1.856973085398427
782,20.0,11.078536699986785,1,7463.754794096054,8245.379314686446,17.268012462772237,17.74359936776827,2.256400632231731,-0.09953802280669678,10.149624589517579,2.0097677599604085
783,20.0,10.536527997108045,1,7473.218266098946,8255.89643948905,18.9761309922315,21.296864476116916,-1.296864476116916,-0.09852581158841964,10.188314930276626,1.560925467683992
784,20.0,10.006867263454879,1,7483.21139883549,8266.89025895194,19.93835324778189,20.847417171943007,-0.8474171719430075,-0.09815165774158581,10.170170163594452,2.0435413767159054
785,20.0,10.14927238588065,1,7493.062126449609,8277.755913804647,20.16504939996345,19.717439529351118,0.2825604706488818,-0.09832677171711836,10.168080385823073,2.0819204411133208
786,20.0,10.026527426862518,1,7503.035599022747,8288.73203912047,20.58098911983019,20.254609168361817,-0.25460916836181724,-0.09834698016296743,10.153925089927018,1.9411337078523876
787,20.0,9.878251609122671,1,7513.157347413625,8299.84161267226,20.809912987063136,20.301275640659682,-0.30127564065968215,-0.09848408286880395,10.126357741846585,2.01992562218956
788,20.0,9.350543681567029,1,7523.806803732058,8311.42612335885,21.76367483655022,21.092043279679352,-1.092043279679352,-0.09875218963157485,10.048776335818628,2.054343898617146
789,20.0,9.909368873435842,1,7533.897434858623,8322.507691372757,20.296871292911458,18.874297694972526,1.125702305027474,-0.09951460422454855,10.03483558958035,2.242094917292482
790,20.0,9.552341046008491,1,7544.345093812614,8333.910584431349,20.8916104433275,20.64708493936477,-0.6470849393647704,-0.0996528534098105,9.986586135223165,1.9081409120358108
791,20.0,9.249810676646112,1,7555.095283135968,8345.585754822367,21.11455588321072,20.75800284888427,-0.7580028488842707,-0.10013431882121883,9.91290858936546,2.150215046097796
792,20.0,10.306733088728521,1,7564.788550047239,8356.309695042512,18.660348715076818,17.69387302893479,2.3061269710652113,-0.10087856565859965,9.952291039301766,2.2377730772103237
793,20.0,10.23475879595994,1,7574.553791251279,8367.098412126148,18.954959104385367,20.298448197617137,-0.29844819761713737,-0.10047937666322086,9.980537814967583,1.6996418946565017
794,20.0,8.927975493179153,1,7585.6258157581,8379.063234182287,21.3836791818702,22.53175527931192,-2.53175527931192,-0.10019500136559004,9.875281582788741,1.9900024290925435
795,20.0,9.926389217502924,1,7595.6994265405965,8390.129483886534,19.44463095656647,18.016491195385452,1.983508804614548,-0.10126293530129435,9.880392346260159,2.4697061083096954
796,20.0,10.597420831539955,1,7605.102005709056,8400.591805138149,18.460471160148565,18.756445329127832,1.243554670872168,-0.1012105557102205,9.95209519478814,1.8174276715458952
797,20.0,10.635534243337792,1,7614.466471465718,8411.019824319144,18.369297871436814,19.969103493564297,0.03089650643570252,-0.10048135396893057,10.020439099643106,1.7664690278565098
798,20.0,10.615502105731142,1,7623.850969359987,8421.465872423987,18.708608432074747,19.962581571930624,0.03741842806937612,-0.09979602590824753,10.079945400251908,1.8846514957434248
799,20.0,10.023347924140875,1,7633.827621435847,8432.44485929226,20.225589435869562,21.115809392165666,-1.1158093921656658,-0.09920688657450555,10.074285652640805,1.8802871378307826
800,20.0,9.492972803218509,1,7644.334648632628,8443.901183769363,21.496700170172105,21.120114449459656,-1.1201144494596562,-0.09926262114057355,10.016154367698576,2.106368084813921
801,20.0,9.349780703585164,1,7654.984867929043,8455.486381136137,21.903980344148675,20.37641628467536,-0.37641628467536137,-0.09983871686571971,9.949517001287235,2.218629379920124
802,20.0,10.206762942850215,1,7664.778104986192,8466.300294487572,19.838559123725133,18.104318660347474,1.8956813396525263,-0.10050739145132606,9.975241595443533,2.1820921823142148
803,20.0,10.227568020619097,1,7674.550536965573,8477.095483269015,19.65656478900126,20.054258848854243,-0.054258848854242814,-0.10024819854556481,10.00047423796109,1.7648437805648172
804,20.0,10.772398666963038,1,7683.7781382986095,8487.400324468748,18.23210127074923,18.883657727639882,1.116342272360118,-0.09999525784528009,10.077666680861284,1.9652634269970621
805,20.0,10.65998779020525,1,7693.118150508404,8497.806335457564,18.848480946486596,20.36268120019071,-0.3626812001907105,-0.09922931881634087,10.13589879179568,1.7374294316234455
806,20.0,9.920662806081296,1,7703.197487702323,8508.877738932091,20.3495308475512,21.303960685699938,-1.3039606856999377,-0.0986592329443376,10.114375193224243,1.9211136278926757
807,20.0,9.253476472683479,1,7713.94401122964,8520.549610106676,21.931073504919716,21.4629978624958,-1.4629978624958007,-0.09886918182251274,10.028285321170166,2.144163102567474
808,20.0,9.808536041793461,1,7724.135475187846,8531.721927669063,20.815464710722036,18.844965334763522,1.155034665236478,-0.09971794459108124,10.006310393232496,2.3059539600362866
809,20.0,10.130338716886314,1,7734.00513647096,8542.604622823865,20.04031624451538,19.306377614011804,0.6936223859881956,-0.09993693586362498,10.018713225597878,1.9287200820030572
810,20.0,9.878750052766357,1,7744.126386418194,8553.713747776375,20.199644775182392,20.481148704518613,-0.48114870451861336,-0.09981321727474876,10.004716908314725,1.905628628008616
811,20.0,9.653263535153407,1,7754.473122883041,8565.025810594738,20.473640379129566,20.48732932161102,-0.48732932161102127,-0.099952853155587,9.969571570998593,2.071197922868047
812,20.0,10.15173088898194,1,7764.321391994059,8575.889252794654,19.380711745448497,18.958577421154672,1.041422578845328,-0.1003052130052401,9.987787502796929,2.1206976559851802
813,20.0,9.697625355153633,1,7774.623766638905,8587.161389975015,20.36551843441045,20.88653986963504,-0.8865398696350404,-0.10012227429948477,9.9587712880326,1.8635528688387166
814,20.0,9.623160349764776,1,7785.000606289141,8598.500545660227,20.374923990365453,20.24129916829131,-0.24129916829130948,-0.1004139939634616,9.925210194205818,2.1453701228046542
815,20.0,10.186871700582063,1,7794.813734588559,8609.332361129702,19.29122711264339,18.796326785256447,1.203673214743553,-0.1007535337220147,9.951376344843442,2.105157796559814
816,20.0,9.758804451922478,1,7805.054930136636,8620.549437122972,20.201761838381838,20.843004395204087,-0.8430043952040869,-0.10048861236347224,9.932119155551346,1.8397051071676682
817,20.0,10.146462633387012,1,7814.908467503249,8631.417620752924,19.287368829197227,19.23865434121219,0.7613456587878105,-0.10068344774549662,9.953553503334913,2.129249457136187
818,20.0,10.163922413711274,1,7824.7445450895375,8642.270090580583,19.529347443264314,20.005213748661358,-0.005213748661358153,-0.10046663231025509,9.97459039437255,1.8923246173745532
819,20.0,9.316342599345056,1,7835.428202490192,8653.885382241173,21.188514141517118,21.656646617228922,-1.6566466172289225,-0.10025474334907813,9.9087656148698,1.969503261153401
820,20.0,9.711255325680753,1,7845.716947164511,8665.145252448061,20.401395890136506,19.302924089315102,0.697075910684898,-0.1009207442044374,9.889014585950896,2.301836557504664
821,20.0,10.862666163949877,1,7854.854281000561,8675.368852900507,18.10608167532091,17.62132074628794,2.378679253712061,-0.10112231014611686,9.986379743750794,1.9959743782776167
822,20.0,9.302752292359427,1,7865.551528708202,8686.996375837383,21.209541572201243,22.833463883607017,-2.833463883607017,-0.10013638832688822,9.918016998611657,1.5896216945200767
823,20.0,8.730007330617681,1,7876.821521377584,8699.139369239827,22.3328093809053,21.911786932273905,-1.9117869322739054,-0.10082660678439873,9.79921603181226,2.3965245570822247
824,20.0,8.882892908054494,1,7887.938628469529,8711.144765622577,22.20706796472281,19.709415663615385,0.2905843363846152,-0.10204897991365751,9.707583719436485,2.4994527681997263
825,20.0,10.017465967946002,1,7897.921162501583,8722.129046251426,19.179589596277804,17.177310815558894,2.8226891844411064,-0.10301224577623823,9.738571944287438,2.2492818962554972
826,20.0,10.01855036681962,1,7907.902612134763,8733.112350921288,18.949133522891522,20.08340874247097,-0.08340874247096863,-0.10268445986955935,9.766569786540655,1.7062250971658661
827,20.0,9.929433486744928,1,7917.973178648019,8744.175860783218,18.80494885482246,20.17116988385786,-0.17116988385786058,-0.10239009415343589,9.782856156561083,2.005375118851896
828,20.0,10.7285138973571,1,7927.244664750661,8754.520198275597,17.50631223238188,18.374604404519754,1.6253955954802457,-0.10221963647388688,9.877421930640685,2.031648156293813
829,20.0,8.396299340138237,1,7938.848365410523,8766.963528869474,22.368411080559362,24.20639548926889,-4.206395489268889,-0.10124099254056432,9.729309671590439,1.687434945002521
830,20.0,10.237560324658494,1,7948.610805085865,8777.749724577281,18.686591247480198,16.53471322121904,3.4652867787809605,-0.10278221515756639,9.780134736897244,2.702956699693286
831,20.0,10.936862921082144,1,7957.673942164783,8787.906547948307,18.304326293842276,19.23839750892322,0.7616024910767791,-0.10224808010336786,9.895807555315734,1.581469552750364
832,20.0,9.323331541064972,1,7968.350610623717,8799.515549561349,21.019768545664995,22.690641560838184,-2.690641560838184,-0.10105289481532305,9.838559953890657,1.7748758450989124
833,20.0,9.772116092926064,1,7978.578494530791,8810.720645077716,20.274010421353147,19.30030523983682,0.6996947601631796,-0.10164089101317618,9.831915567794198,2.393579455931085
834,20.0,9.548264849662827,1,7989.030229681129,8822.12720671302,21.04880298895671,20.362466137736277,-0.362466137736277,-0.10170957969529748,9.803550495981062,1.9833801638597492
835,20.0,9.463392372353482,1,7999.566837308776,8833.610153577902,20.93234512253174,20.237907399663435,-0.23790739966343466,-0.1020038607859415,9.769534683618303,2.126569199102964
836,20.0,9.804242796986175,1,8009.76259451179,8844.786335060615,20.066085369308176,19.27187444757822,0.7281255524217798,-0.10235902040215021,9.773005494955092,2.1384652936716515
837,20.0,10.856491170210703,1,8018.906103341579,8855.015493007426,17.71291311270086,17.913266988139593,2.0867330118604066,-0.10232266834559835,9.881354062480654,1.967358249048721
838,20.0,11.102432005292512,1,8027.803671336286,8865.023304202663,17.643475920787004,19.923789342666602,0.07621065733339805,-0.10120070525526298,10.00346185676184,1.620318650625146
839,20.0,9.79843646497591,1,8038.005234871311,8876.204711384185,20.22061238328714,22.151851122353612,-2.1518511223536123,-0.09996539341268643,9.982959317583246,1.8137524577352742
840,20.0,11.143036128438682,1,8046.862198742872,8886.17597886859,17.87670082751666,17.05649617109234,2.9435038289076587,-0.10017069770470505,10.09896699866879,2.252111063986789
841,20.0,10.021345886190774,1,8056.8408528566815,8897.15676757102,20.933446624187727,22.514423589413326,-2.514423589413326,-0.09902002849715387,10.091204887420988,1.4511097358407437
842,20.0,11.052214616020649,1,8065.7886382406605,8907.2097744166,18.548053973326745,17.690350639446898,2.3096493605531023,-0.09909619427572343,10.187305860280954,2.246072286180807
843,20.0,9.944020810207904,1,8075.844617430453,8918.260155687412,21.46452666236526,22.406921435880122,-2.406921435880122,-0.09816137983044922,10.16297735527365,1.5369466230277569
844,20.0,10.078634695627686,1,8085.765982734825,8929.189384461348,20.727598522969355,19.775992099677016,0.22400790032298445,-0.09839636211342064,10.154543089309053,2.2454360158544944
845,20.0,10.2192846835857,1,8095.546698051239,8939.99202824612,20.71442498638833,19.743299893264602,0.2567001067353978,-0.09847808918678222,10.161017248736718,1.9602832122476328
846,20.0,11.907312207620521,1,8103.639385843619,8949.275447259262,16.978093648763114,16.741340456899238,3.2586595431007623,-0.09841534322012162,10.335646744625098,1.9317507624973855
847,20.0,10.510771344906873,1,8113.128614498712,8959.815753048846,20.313865777570676,22.906314270414086,-2.906314270414086,-0.0967525327353158,10.353159204653275,1.3162712547437434
848,20.0,9.575641282029121,1,8123.552973216682,8971.19767589502,21.61143050552893,21.710763844772888,-1.7107638447728881,-0.09658887497359699,10.275407412390859,2.2134862617942352
849,20.0,10.581398722165515,1,8132.971574494517,8981.674417045071,19.97197689803192,17.79233404392062,2.2076659560793814,-0.09731974216361726,10.306006543368325,2.2604223155062515
850,20.0,9.782900477749395,1,8143.188674016767,8992.869806615097,21.590874744277233,21.60781894941821,-1.6078189494182098,-0.0970307942064598,10.253695936806432,1.6543677543600788
851,20.0,9.706149890259274,1,8153.482524126508,9004.134271713863,21.236858102546766,20.32494908836138,-0.3249490883613788,-0.09752580983120661,10.198941332151715,2.1927200900138084
852,20.0,10.545160815935267,1,8162.937363310572,9014.643626979521,19.390880045102428,18.219190005576973,1.7808099944230271,-0.09804939232737263,10.23356328053007,2.0962941645592923
853,20.0,10.018651352662692,1,8172.91871195791,9025.626840762125,20.319799418570444,21.07024799574845,-1.0702479957484492,-0.09771767395063226,10.212072087743334,1.7117016458777952
854,20.0,10.167145548707083,1,8182.751566409204,9036.47640976829,19.69036258713573,19.702876476787694,0.2971235232123064,-0.0979233197149297,10.207579433839708,2.101609681556881
855,20.0,10.008391133119176,1,8192.743175276086,9047.468857748481,20.197422314805674,20.32898919798755,-0.3289891979875499,-0.0979664186285776,10.187660603767656,1.935764402201391
856,20.0,10.20194987596326,1,8202.541225400122,9058.287102860115,19.69893821499494,19.61221009506069,0.38778990493931076,-0.09815796176309353,10.189089530987216,2.030668583437909
857,20.0,10.25497953846169,1,8212.28624586166,9069.057621275499,19.725037618138938,19.913098460293668,0.08690153970633219,-0.09814419600090711,10.195678531734664,1.9209313447076861
858,20.0,8.837819840376751,1,8223.448426021283,9081.103583419159,22.47656276910102,22.745661601416508,-2.745661601416508,-0.09808076989554346,10.059892662598873,1.9424968113114787
859,20.0,10.39994360116572,1,8233.048482420118,9091.74363417811,18.9797538823343,16.759482412492567,3.2405175875074335,-0.09940463914867059,10.093897756455558,2.4986846261369315
860,20.0,9.41078834810182,1,8243.637694072017,9103.273924664818,21.32084096497532,21.89957077719338,-1.8995707771933787,-0.09906975720657062,10.025586815620184,1.579029416626554
861,20.0,9.134620518664354,1,8254.503073553353,9115.05276619802,21.361622367074816,21.049703241259518,-1.0497032412595182,-0.09974478485807615,9.936490185924601,2.2825105315904772
862,20.0,9.96495325368479,1,8264.538120299669,9126.084308269703,19.613098793528113,18.098771404348607,1.9012285956513928,-0.10063915741762985,9.939336492700619,2.303165027736004
863,20.0,10.050388601988672,1,8274.48773169768,9137.038958527914,19.296699081542013,19.839340035115402,0.16065996488459788,-0.10061033759490819,9.950441703629425,1.816788593191333
864,20.0,9.583896301256631,1,8284.903835396422,9148.413451856783,20.048098757563984,20.914025348328302,-0.9140253483283018,-0.1004980512207061,9.913787163392145,1.9746994428879232
865,20.0,10.498619114600785,1,8294.405216281823,9158.964694653641,18.210219884061054,18.086191523903864,1.9138084760961362,-0.1008696256555336,9.97227035851301,2.1743653689347577
866,20.0,9.194694900177456,1,8305.210521381645,9170.689469243482,21.152861461222198,22.458253904527027,-2.4582539045270266,-0.10027806748603961,9.894512812679453,1.6996689709709911
867,20.0,9.755833750736464,1,8315.454687630909,9181.909218867819,19.918329345262308,19.18745499769202,0.8125450023079814,-0.10106611805267833,9.880644906485156,2.3853213883516933
868,20.0,9.649075519040199,1,8325.805612111868,9193.225050900683,20.520211788439724,20.12082900568672,-0.12082900568671917,-0.10120796865634252,9.85748796774066,1.9760054685427384
869,20.0,9.972047637796397,1,8335.833564474071,9204.250208026666,19.560790335652452,19.36301010298692,0.6369898970130805,-0.1014457236237642,9.868943934746234,2.0816004552588376
870,20.0,10.167318570788343,1,8345.666245903283,9215.099621312957,19.276456423405207,19.625462212507895,0.3745377874921054,-0.10132796443186133,9.898781398350446,1.9412736753608613
871,20.0,9.395264230225873,1,8356.270981673057,9226.643883505752,20.78313589286119,21.49558872833705,-1.4955887283370508,-0.10102253598272634,9.848429681537988,1.9296821291991468
872,20.0,10.434569606473737,1,8365.836412066583,9237.252770859926,18.603261268052133,17.824189396454045,2.175810603545955,-0.10153903031613404,9.907043674031563,2.2685554100091467
873,20.0,10.03780142100082,1,8375.798610645583,9248.218749581025,19.849741132653868,20.942686380073173,-0.9426863800731731,-0.10093828521430763,9.920119448728489,1.6817928855478097
874,20.0,8.864832248012855,1,8386.93377839757,9260.240400557814,22.00190728554313,22.42697447274597,-2.4269744727459717,-0.10080523779662502,9.814590728656926,2.0886703086206384
875,20.0,8.824845135761782,1,8398.108933261808,9272.298039935627,22.31021957305508,20.502693288215088,-0.5026932882150881,-0.10188911872607903,9.715616169367411,2.4843814080866955
876,20.0,9.992608424242412,1,8408.116324837567,9283.30469235381,19.488484098425445,17.083076462429826,2.916923537570174,-0.10292707972067926,9.74331539485491,2.343694041784772
877,20.0,9.867419609328188,1,8418.248905228238,9294.424014705413,19.53160383259558,20.285220800879166,-0.28522080087916635,-0.10263446881007912,9.755725816302238,1.7023554613681142
878,20.0,9.93794793185522,1,8428.310957296382,9305.479861566744,18.974457217156175,19.894478202219133,0.10552179778086668,-0.10250390579130021,9.773948027857537,2.0518061413160855
879,20.0,9.98321052608187,1,8438.327746770301,9316.494972093271,19.112217911358858,19.908733141135137,0.09126685886486285,-0.10231280104516796,9.794874277679972,2.0019356507478
880,20.0,10.135335903706109,1,8448.192410866595,9327.373169779936,18.985635785522327,19.698434222218527,0.3015657777814731,-0.10209421495881227,9.828920440282584,1.9940433263318356
881,20.0,10.56858976590898,1,8457.623821100686,9337.861438990618,18.463148558334634,19.170724554773567,0.8292754452264326,-0.10174057324766073,9.902887372845223,1.942331959336811
882,20.0,9.333337059449466,1,8468.290484041236,9349.461435637113,21.160518345541398,22.316395778144543,-2.3163957781445426,-0.10098064961761627,9.845932341505646,1.8058202194214117
883,20.0,9.296817044259523,1,8478.993666996976,9361.09430029728,21.373226648813173,20.416334013157723,-0.4163340131577229,-0.10156478485886887,9.791020811781035,2.355651580613752
884,20.0,9.34400568526757,1,8489.649661311709,9372.684695180538,21.435699019681504,19.78320501921207,0.21679498078793102,-0.10213439632328747,9.746319299129688,2.208167427217786
885,20.0,10.173350000301225,1,8499.476311311408,9383.528680180267,19.279660691219416,18.189142965627425,1.8108570343725745,-0.1026028359330785,9.789022369246842,2.122610747978322
886,20.0,10.746968427187868,1,8508.72934288422,9393.856408595797,18.089563151895863,19.07871181466815,0.92128818533185,-0.10215524720237605,9.884816975040945,1.7782159946253655
887,20.0,9.741196337056294,1,8518.988146547164,9405.089331892446,20.00622764017103,21.798116604105807,-1.7981166041058074,-0.10116525197431465,9.87045491124248,1.7739705281193823
888,20.0,8.498980093504207,1,8530.48916645366,9417.440249808293,22.64041003683333,22.86168684538151,-2.8616868453815094,-0.1013124530725526,9.733307429468653,2.228082611135595
889,20.0,8.977604282433775,1,8541.511562171227,9429.360405954103,21.919497390409983,19.264508792656585,0.735491207343415,-0.10273999945510717,9.657737114765164,2.628449340198349
890,20.0,9.500177966322394,1,8552.011384204905,9440.810245784412,20.52803453634853,18.43464764168868,1.5653523583113191,-0.10354392422539199,9.641981199920888,2.1925758890842477
891,20.0,9.66536266750287,1,8562.346021537402,9452.11141938366,19.61532423154362,19.613845679541534,0.3861543204584663,-0.10371312485116699,9.644319346679087,1.947242189413847
892,20.0,9.754966823647164,1,8572.591054713754,9463.331949242378,19.10663508612674,19.858843547377013,0.1411564526229867,-0.10368798087802213,9.655384094375894,2.025122431403469
893,20.0,10.023148673788551,1,8582.567906039965,9474.311115435969,18.553176576352662,19.461708299705716,0.538291700294284,-0.10356915791495896,9.69216055231716,2.0350027632545915
894,20.0,9.812952201506532,1,8592.75495383846,9485.479458454613,19.21848042884326,20.42703070693353,-0.42703070693352885,-0.10317616950339563,9.704239717236097,1.9397503627756278
895,20.0,10.629603766326044,1,8602.125350072132,9495.91281506492,17.805159547000358,18.31440253949789,1.685597460502109,-0.10304774295959106,9.796776122145092,2.080287154022348
896,20.0,9.59438961659118,1,8612.53096045554,9507.277864409987,20.38928019328965,22.03303042349142,-2.0330304234914216,-0.10207439544724853,9.7765374715897,1.696967995530614
897,20.0,9.482609224314674,1,8623.048351231226,9518.743516108105,20.714667592683348,20.44320848743346,-0.4432084874334592,-0.10228570216254655,9.747144646862198,2.2767807283146064
898,20.0,10.287325323112277,1,8632.761025908114,9529.484923317304,19.397009111580278,18.18895516673124,1.8110448332687596,-0.10259414795100226,9.801162714487207,2.1632691318416986
899,20.0,9.078614758044328,1,8643.68241115007,9541.314170035064,21.824196221901445,22.273551302274164,-2.2735513022741642,-0.10202871119789583,9.72890791884292,1.7530652295114568
900,20.0,10.233815023192001,1,8653.448596126878,9552.103736514191,19.074250679202297,17.761362700946016,2.238637299053984,-0.10278645952267705,9.779398629277829,2.3952151319696826
901,20.0,10.061531910235761,1,8663.387064216642,9563.048357794978,19.826988050105562,20.505003621201695,-0.5050036212016948,-0.10225577644479825,9.807611957373624,1.7150826766438165
902,20.0,9.9115345060491,1,8673.475529710593,9574.127976739534,19.73881808612572,20.276178629767784,-0.2761786297677844,-0.1019616196426056,9.818004212241172,2.0409377558124904
903,20.0,10.952965664289557,1,8682.522564046303,9584.270307641673,17.872732994732775,17.864383810818545,2.135616189181455,-0.10185369433363976,9.931500357446012,2.0461850704069504
904,20.0,9.62667553282317,1,8692.89588851348,9595.606299662131,20.77873943973052,22.55824898076898,-2.5582489807689797,-0.10068972098966529,9.90101787498373,1.5899709902823334
905,20.0,11.236178902314446,1,8701.659709611165,9605.493738650048,17.369456804422718,16.515708484140315,3.4842915158596846,-0.10099971665808585,10.034533977716801,2.3177399294758807
906,20.0,9.864741130463141,1,8711.794968480703,9616.615471632631,21.027929129653504,23.037948189804023,-3.0379481898040233,-0.09965584871411579,10.017554692991435,1.3662558516326242
907,20.0,9.233790133017862,1,8722.561178347685,9628.305060512916,21.94581359061777,21.599467295593247,-1.5994672955932465,-0.09982476069730153,9.939178236994078,2.321742273256982
908,20.0,10.041951748596896,1,8732.519226599088,9639.267303939178,20.55868553294518,18.11315281292322,1.8868471870767785,-0.10061193955431387,9.94945558815436,2.338819690699234
909,20.0,9.354252879808739,1,8743.16497371928,9650.84847634735,21.75406476464658,21.27039972024743,-1.270399720247429,-0.10050801183439441,9.889935317319797,1.8005449830238247
910,20.0,9.5489464913119,1,8753.616027227969,9662.254424505169,20.820417898615045,19.835655432745845,0.16434456725415458,-0.10111289587999077,9.855836434719006,2.2447234683955934
911,20.0,10.238219980009294,1,8763.37780724796,9673.04002652316,19.181000983271414,18.493326286542544,1.506673713457456,-0.10146272278599462,9.894074789248036,2.0845741923767425
912,20.0,10.333349253190075,1,8773.04445799477,9683.740012195289,18.84141247021391,19.913335307192053,0.08666469280794686,-0.10107059237986632,9.938002235642239,1.7980608730140943
913,20.0,9.626699379847445,1,8783.417758614924,9695.075982753426,20.189586811616227,21.32089378564147,-1.32089378564147,-0.10062384534524865,9.90687195006276,1.9313412404330448
914,20.0,10.59244308702784,1,8792.825315527896,9705.542783975101,18.32059696497086,17.960021591952223,2.0399784080477765,-0.10094003486071756,9.975429063759268,2.205428153047942
915,20.0,10.69450465481268,1,8802.130810873083,9715.91772978577,18.767038320572567,20.155375869820908,-0.155375869820908,-0.10024631458039232,10.04733662286461,1.6648406164486518
916,20.0,10.861781053937975,1,8811.269029819145,9726.142126837225,18.49121181076598,19.519725102952656,0.4802748970473445,-0.09952886397020992,10.128781065971946,1.8998404280471783
917,20.0,10.317648044275433,1,8820.951381774868,9736.856243597376,20.03216412744663,21.062912689550853,-1.0629126895508527,-0.09872856304097054,10.147667763802296,1.7888585009102187
918,20.0,10.818057227251419,1,8830.133324547616,9747.11999209285,19.190770691995425,18.908377574075548,1.0916224259244522,-0.09854481081525904,10.214706710147208,2.0479217894749655
919,20.0,8.871520943215565,1,8841.2618036044,9759.135623243956,23.222714508378218,23.59967609291169,-3.5996760929116896,-0.09789806289852727,10.080388133454043,1.72560055701284
920,20.0,9.809256070822922,1,8851.452547533578,9770.307292780215,21.091583907891795,18.568147851663547,1.4318521483364535,-0.09920252938289889,10.05327492719093,2.551827382272445
921,20.0,9.479796846205945,1,8861.972750687371,9781.77547561863,21.87499057409938,20.497302943840864,-0.4973029438408645,-0.0994700739055008,9.995927119092432,1.9062481191308538
922,20.0,10.071535516676436,1,8871.901215170696,9792.711093653621,19.79242235657586,18.854437401863528,1.1455625981364719,-0.10004074540419357,10.003487958850833,2.1489141855421257
923,20.0,9.657130468481958,1,8882.244084702214,9804.019676231987,20.539403246983714,20.794528448592736,-0.794528448592736,-0.09996513257310669,9.968852209813946,1.8701113143508872
924,20.0,9.90030529483016,1,8892.343779407383,9815.10940146664,19.60040387526602,19.570040950634233,0.4299590493657668,-0.10031245111804737,9.961997518315568,2.1438215151851647
925,20.0,11.12930492812243,1,8901.21447447926,9825.09302703133,17.25005769798459,17.5539070189207,2.4460929810792997,-0.10038147451467,10.078728259296255,1.9782128420330531
926,20.0,9.898168122147773,1,8911.316306357112,9836.184675721397,19.980277713090985,22.371098281558382,-2.371098281558382,-0.09921886713014968,10.060672245581406,1.533900874384001
927,20.0,10.248275390314129,1,8921.068030966797,9846.961227870115,19.245669524648424,19.299156859761894,0.7008431402381063,-0.09939693646606912,10.079432560054679,2.2512999058946335
928,20.0,9.860638402045458,1,8931.207392564751,9858.086653308274,20.67263437439123,20.81466285250941,-0.8146628525094108,-0.09921193420778988,10.057553144253756,1.8745737601957009
929,20.0,10.0454279727741,1,8941.161964591976,9869.045768132777,20.182812021616197,19.6476958232096,0.35230417679040116,-0.09942776196726698,10.05634062710579,2.1071244636533333
930,20.0,10.003610008261642,1,8951.158354583715,9880.042519125342,20.42541834342688,20.086689618261765,-0.08668961826176513,-0.09943975021138475,10.051067565221375,1.9553947213848868
931,20.0,10.268994439583896,1,8960.88936014413,9890.800424129717,19.700462741235363,19.467380393777024,0.5326196062229762,-0.09949191899377854,10.072860252657627,2.0079190173678043
932,20.0,10.699184521328306,1,8970.190175622802,9901.17115806052,18.9146493382465,19.21263225638961,0.787367743610389,-0.09927666769090335,10.135492679524695,1.893111395266672
933,20.0,10.988436398561998,1,8979.20173922424,9911.281565301815,18.499322371479074,19.543854467395363,0.4561455326046371,-0.09866318605509516,10.220787051428427,1.7899523713463186
934,20.0,10.1857720491455,1,8989.015967175093,9922.114370457584,20.233329674226496,21.429015081265018,-1.4290150812650175,-0.09783982338818446,10.217285551200135,1.7784453940975469
935,20.0,10.353728131621361,1,8998.662239043471,9932.796015139125,19.981622819314406,19.61553264438654,0.38446735561345946,-0.0978733534448921,10.230929809242257,2.1068239536112445
936,20.0,9.30948129448866,1,9009.352757748982,9944.417481974086,22.29960783537287,22.04019284980097,-2.0401928498009703,-0.09774282676601258,10.138784957766898,1.8878967837864835
937,20.0,9.947273954550628,1,9019.405483794431,9955.46493541499,20.709978288744214,18.84723466371462,1.1527653362853805,-0.09863114802863453,10.119633857445272,2.3315893673036077
938,20.0,10.564173678930153,1,9028.841310115502,9965.957179103953,19.473582807265686,18.792420652070906,1.2075793479290944,-0.09881780448650072,10.16408783959376,1.8983798090751085
939,20.0,10.519581183050292,1,9038.321728932451,9976.489556039207,19.264055135188723,20.129737133753522,-0.12973713375352247,-0.09838561175204957,10.199637173939413,1.774089975025592
940,20.0,10.12696583967703,1,9048.194763092773,9987.375286783497,19.962321968224924,20.680479957051634,-0.6804799570516344,-0.09804270318115338,10.192370040513175,1.920541402490024
941,20.0,10.531836375740772,1,9057.662926717032,9997.89663404533,19.23159372310897,19.170474850175566,0.829525149824434,-0.09811260737445233,10.226316674035935,2.0423793476722265
942,20.0,10.294460025396292,1,9067.368466691636,10008.631620022474,19.988597876152127,20.534803734157464,-0.5348037341574639,-0.09778691897337248,10.233131009171972,1.810262128372363
943,20.0,10.720183754955594,1,9076.64828293668,10018.983454643014,19.107016942985485,19.105617362313932,0.8943826376860677,-0.09772180177344533,10.281836283750335,1.9989570012675868
944,20.0,10.173615494174266,1,9086.474667442506,10029.827200698257,20.479011747863975,21.107965575924833,-1.1079655759248332,-0.09725889154454097,10.271014204792728,1.769051700125204
945,20.0,9.786581010657379,1,9096.688086431848,10041.019277788666,21.10517443705752,20.77967520795444,-0.7796752079544405,-0.09736136861084015,10.222570885379193,2.0771595663320337
946,20.0,10.201504754159814,1,9106.48658167769,10051.837923509922,20.308672273095084,19.14635909713925,0.8536409028607501,-0.09782275038368748,10.220464272257255,2.120600502783071
947,20.0,8.241643374488335,1,9118.244938303202,10064.420444472882,24.092363247020334,23.70361131694041,-3.7036113169404103,-0.09784291333168015,10.022582182480363,1.8737461788265706
948,20.0,10.22973144183103,1,9128.015206861372,10075.213686175233,19.255384222790187,16.0935859944239,3.9064140055760994,-0.09977468698116702,10.04329710841543,2.698998060654324
949,20.0,7.81095230487113,1,9140.2042545565,10088.18382910085,24.267999081249798,23.99412249108165,-3.994122491081651,-0.09956889547378668,9.820062628061,1.5490382006041297
950,20.0,8.96592195555675,1,9151.238332600944,10100.114499340849,21.229011532577356,19.375290391551534,0.624709608448466,-0.10183234444375971,9.734648560810575,2.745822707532299
951,20.0,10.27106116056459,1,9160.967271440379,10110.87054429634,18.140473984231065,16.575941380275705,3.4240586197242955,-0.10272584508348527,9.788289820785977,2.2197656751196453
952,20.0,10.286517602360076,1,9170.680753838018,10121.612678454216,17.666296152915088,20.220182521147475,-0.22018252114747483,-0.10216289242646294,9.838112598943386,1.590019041563266
953,20.0,9.302542731916041,1,9181.378211106103,10133.240389995492,19.602208090307993,21.830695383826203,-1.8306953838262032,-0.10164551278945518,9.784555612240652,1.9768237209197532
954,20.0,9.572738774872636,1,9191.80547233123,10144.624925098105,19.461678319003205,19.574312061998793,0.4256879380012073,-0.10220188219370764,9.763373928503851,2.324975521137996
955,20.0,10.82232459316848,1,9200.983147738063,10154.884832964253,17.415158004561384,17.32646228397679,2.6735377160232083,-0.10242360963770246,9.869268994970314,2.055736693765941
956,20.0,9.709581921056394,1,9211.273565817006,10166.146209235303,20.050108260712975,22.178965856620298,-2.178965856620298,-0.1013246270326233,9.853300287578922,1.5600565040300378
957,20.0,11.345752187441791,1,9219.927813629563,10175.935032266605,16.736299976029468,16.464413326374057,3.535586673625943,-0.10148883833984039,10.002545477565208,2.2664475748649577
958,20.0,9.998848088094192,1,9229.928965541469,10186.936068987321,20.51251546944324,23.05072235200972,-3.0507223520097213,-0.09997455170215504,10.002175738618106,1.3415236291404664
959,20.0,10.24482170612876,1,9239.68414383534,10197.715729451806,19.764750674105077,19.434764992619005,0.5652350073809949,-0.09997824734662773,10.026440335369172,2.3051604055991466
960,20.0,10.970124639099165,1,9248.71401919624,10207.842617276616,19.151299516747365,18.732053008383158,1.2679469916168422,-0.09973629389409619,10.12080876574217,1.8871902248446923
961,20.0,10.078616269716052,1,9258.635402926524,10218.771862633872,20.844456191546875,21.682684413337288,-1.682684413337288,-0.09880633288763349,10.116589516139559,1.6916378338835405
962,20.0,9.39859361158552,1,9269.236809314938,10230.313128383445,22.06676668308843,21.447228610713832,-1.4472286107138324,-0.09884754129883834,10.044789925684155,2.1530301914192225
963,20.0,9.934163528983426,1,9279.302645785954,10241.37238120736,20.907378612108847,18.861290419281907,1.1387095807180927,-0.09955409793519296,10.03372728601408,2.273562150002495
964,20.0,9.978633558285946,1,9289.324012227667,10252.391611004903,20.608953131133358,19.887116907187607,0.1128830928123925,-0.09966386084599795,10.028217913241267,1.9014801376626098
965,20.0,9.181155008679061,1,9300.142857218989,10264.128571497093,21.785023128881853,21.59085390818736,-1.5908539081873592,-0.09971861487768421,9.943511622785046,1.992806240794819
966,20.0,9.846500757195505,1,9310.296356461793,10275.266720815616,20.026577977867543,18.715767759327832,1.2842322406721678,-0.10056809283639308,9.933810536226092,2.3231690844225192
967,20.0,9.554684743601538,1,9320.741671718191,10286.667504546374,20.558216720193247,20.500892997724545,-0.5008929977245451,-0.10066630487397088,9.895897956963637,1.9063815552680792
968,20.0,10.554614654312461,1,9330.187057063878,10297.168351357494,18.027523278682846,17.961404647385283,2.038595352614717,-0.10105197167037386,9.961769626698521,2.1355103041237
969,20.0,10.020767124511153,1,9340.166289939367,10308.149660945433,19.491498972057684,21.157384047187602,-1.1573840471876018,-0.10038377090350512,9.967669376479785,1.6769195802479477
970,20.0,9.830322550511458,1,9350.335967388855,10319.302370649973,19.736897802191425,20.38953666137583,-0.38953666137582843,-0.10032435489480122,9.953934693882953,2.1126313281278097
971,20.0,9.936290841626453,1,9360.39967654723,10330.359708892509,19.931444690018743,19.771926650748462,0.2280733492515381,-0.1004627848939511,9.952170308657303,2.07498052736674
972,20.0,10.1338732110437,1,9370.265803336186,10341.239223002569,19.6351617755499,19.602452650034426,0.39754734996557417,-0.10048059558728703,9.970340598895943,1.9903025803336214
973,20.0,10.370088519813867,1,9379.895714816372,10351.906143334736,19.280795386454677,19.552071246865122,0.4479287531348781,-0.10029747630795423,10.010315390987735,1.9334821843477557
974,20.0,9.40017266279837,1,9390.495542153574,10363.445987938218,21.260436947310655,21.844991131378894,-1.8449911313788938,-0.09989695238776371,9.949301118168798,1.8836973267058
975,20.0,9.375047420427236,1,9401.120494733146,10375.008445259833,21.289765638912485,20.29711415776169,-0.2971141577616905,-0.10050957229285803,9.891875748394641,2.298428584656186
976,20.0,10.662807529241517,1,9410.457687203905,10385.411918483516,18.558928590617477,17.119613961444056,2.880386038555944,-0.10109306115802058,9.968968926479329,2.173677067015982
977,20.0,9.75259787667716,1,9420.705089327228,10396.634580394506,20.459595410275757,21.837372605690746,-1.8373726056907458,-0.10031127666009919,9.947331821499112,1.5669918465827464
978,20.0,9.149894744441875,1,9431.555194582786,10408.399675124509,21.374665722261888,21.492784714170824,-1.4927847141708241,-0.1005294704092112,9.867588113793389,2.2234778060018985
979,20.0,10.266287625629863,1,9441.288906957157,10419.160016261441,19.129506653146137,17.466585247049068,2.5334147529509323,-0.10134188704149011,9.907458064977035,2.340300636730669
980,20.0,10.278021883619612,1,9451.010885073538,10429.909796566184,19.276874840568425,20.17923154008746,-0.17923154008746067,-0.10093406335324397,9.944514446841293,1.6819728448441011
981,20.0,9.081570845645976,1,9461.929314227891,10441.736382805102,21.410725345617372,22.277088467720827,-2.2770884677208265,-0.10055795135554689,9.858220086721762,1.9712606306374352
982,20.0,10.137689029278164,1,9471.791625198613,10452.612462678751,19.22896545417426,17.824677835548382,2.175322164451618,-0.10143818977493924,9.886166980977402,2.4120300555237626
983,20.0,10.441349855457025,1,9481.350275343157,10463.21524780884,19.00624970355801,19.586228793426766,0.41377120657323374,-0.1011514373491934,9.941685268425363,1.7467520286746785
984,20.0,10.224631871023758,1,9491.125643472133,10474.013079124918,19.255500415625527,20.350758718442822,-0.35075871844282247,-0.10058656787053845,9.969979928685204,1.8812872989096636
985,20.0,10.379188890256836,1,9500.746454581877,10484.671809123687,19.171886093812933,19.665847137647336,0.3341528623526635,-0.10030110463139874,10.010900824842366,1.992921778330178
986,20.0,9.15743854114555,1,9511.58901604073,10496.430114436656,21.790580955394926,22.34865723572486,-2.348657235724861,-0.09989111045016733,9.925554596472685,1.89105171977012
987,20.0,10.198624092997717,1,9521.390391947732,10507.251352752959,19.598049226606737,17.913161500262543,2.086838499737457,-0.10075003772135586,9.952861546125186,2.3959600346716874
988,20.0,9.818428144317732,1,9531.571963803415,10518.414767423073,20.695274409068798,20.802211230452766,-0.802211230452766,-0.10047361709651396,9.939418205944442,1.7427382487605705
989,20.0,9.710325904765213,1,9541.86163789865,10529.675474108784,20.466652347434827,20.290572252081773,-0.2905722520817733,-0.10060951046429786,9.91650897582652,2.1123533009644078
990,20.0,10.522333365651836,1,9551.339304532998,10540.205374079698,18.8345288220911,18.293726183324168,1.7062738166758322,-0.10084193968237215,9.977091414809053,2.0904912726451097
991,20.0,10.887564706404538,1,9560.451739826593,10550.406565843934,18.292880753575563,19.569428458826504,0.43057154117349583,-0.1002296118601955,10.0681387439686,1.7197875033967163
992,20.0,11.076622032760216,1,9569.375117793832,10560.43760601445,18.11021060356205,19.580645202885183,0.41935479711481705,-0.09932322402679027,10.168987072847761,1.8045919773034145
993,20.0,10.788884722903543,1,9578.586233070928,10570.727609763837,19.114130130820655,20.543927280782228,-0.5439272807822277,-0.09833821135146317,10.230976837853339,1.7644750510393556
994,20.0,9.934159491021889,1,9588.652073579906,10581.786866221917,21.002976063781958,21.530263864111582,-1.530263864111582,-0.09774237747270864,10.201295103170194,1.9139680044249807
995,20.0,10.211632097815805,1,9598.44044148209,10592.596397333882,20.64423192010434,19.446501640742515,0.5534983592574854,-0.09802676913926704,10.202328802634755,2.1626084852873446
996,20.0,10.460093723070546,1,9607.98034775902,10603.18231298312,20.302084976393576,19.572531676209085,0.42746832379091515,-0.09801683707172323,10.228105294678334,1.899980104451631
997,20.0,10.072706769579677,1,9617.90764098944,10614.116876890497,20.84268885748284,20.72861653234483,-0.7286165323448301,-0.09776981867015959,10.212565442168469,1.8707896074940131
998,20.0,10.078458512746927,1,9627.829182476693,10625.046264229026,20.58530599552987,19.989737101494757,0.010262898505242646,-0.09791858917945565,10.199154749226315,2.0577431960076207
999,20.0,10.49425187912571,1,9637.334930597568,10635.601437537813,19.650974276465323,19.181220225562605,0.8187797744373952,-0.09804734064613127,10.228664462216253,1.982849003016853
1000,20.0,9.964430412384441,1,9647.370500185183,10646.633450166666,20.6179494089796,21.026528811288337,-1.0265288112883368,-0.0977644739148408,10.20224105723307,1.8219497415236539
1001,20.0,9.562427838175804,1,9657.808072347007,10658.027265112309,21.210862264941444,20.877550761832712,-0.8775507618327119,-0.09801768007540179,10.138259735327345,2.10709857270927
1002,20.0,9.751316160498485,1,9668.056756186508,10669.25108056786,20.763341229200343,19.631782029269566,0.3682179707304343,-0.09863625771151265,10.09956537784446,2.1787590908627728
1003,20.0,10.380346226640246,1,9677.676409959868,10679.908768963884,19.27704934648038,18.68711429968291,1.3128857003170893,-0.09901416175726852,10.12764346272404,2.017723423890622
1004,20.0,10.001795974719974,1,9687.674613985148,10690.907152586635,19.96529797326411,20.747665272408522,-0.747665272408522,-0.09873965287982495,10.115058713923633,1.793622772611761
1005,20.0,10.204125986121003,1,9697.470487999026,10701.723439199126,19.373226063686968,19.588451582333263,0.41154841766673655,-0.09886250078049225,10.12396544114337,2.0735939284613565
1006,20.0,10.402047545321313,1,9707.068440453704,10712.361596408336,19.24401610261207,19.647501249245707,0.35249875075429316,-0.09877552484879511,10.151773651561165,1.9170216484981075
1007,20.0,9.775095122261435,1,9717.293345331444,10723.564010798302,20.541335918932234,21.19013006253033,-1.1901300625303293,-0.09850495433832072,10.114105798631192,1.888203741841985
1008,20.0,10.453748898177883,1,9726.839596433265,10734.155636789941,19.190646123630653,18.608600876368484,1.3913991236315155,-0.098871815255812,10.148070108585861,2.160136942843334
1009,20.0,10.227305562075037,1,9736.61229087119,10744.951061784073,19.990313153166515,20.558692161451884,-0.5586921614518836,-0.09854090376789391,10.155993653934779,1.7648742970826445
1010,20.0,9.259112147853113,1,9747.353178723337,10756.617860851005,21.73083705040629,21.90255798443323,-1.9025579844332299,-0.09846402371594293,10.066305503326612,2.014894503826094
1011,20.0,10.865382874711747,1,9756.487795848625,10766.839016263764,18.305820704237966,16.496210387382657,3.503789612617343,-0.09934131242783462,10.146213240465126,2.3382836932678814
1012,20.0,9.69955315374585,1,9766.78824269488,10778.109418425393,21.048678290171285,22.409363586486712,-2.4093635864867124,-0.09855893783227422,10.101547231793198,1.4523191509555033
1013,20.0,9.00694279408889,1,9777.781299900791,10790.003169910713,22.02356182009337,21.854180053076128,-1.8541800530761279,-0.09899473586112044,9.992086788022768,2.2821487827035627
1014,20.0,9.37297377424822,1,9788.408326126542,10801.56749351389,21.393766700072177,19.244736992135945,0.7552630078640554,-0.10007919478828704,9.930175486645313,2.4121952760668663
1015,20.0,9.387372903593008,1,9799.02095322295,10813.118857900658,21.02532729276918,19.764120800025548,0.23587919997445184,-0.10070315487826566,9.875895228340083,2.0751936023180892
1016,20.0,10.03130399119452,1,9808.989649231755,10824.090684308583,19.13894501267703,18.665804283170736,1.3341957168292637,-0.10125664325907167,9.891436104625527,2.103247647103001
1017,20.0,9.835689696672258,1,9819.153959535082,10835.238563581579,19.438029614083355,20.38585953843071,-0.3858595384307115,-0.10109755443219924,9.8858614638302,1.8585320713121662
1018,20.0,9.797900819415645,1,9829.356058715666,10846.420452844104,19.359253513989287,20.108427247855325,-0.10842724785532454,-0.10115456337909856,9.877065399388744,2.069569049973783
1019,20.0,10.371821179289487,1,9838.984237536377,10857.085813782744,18.43520772226372,18.817116436344175,1.1828835636558246,-0.10124464702459968,9.926540977378819,2.0528034993532054
1020,20.0,10.203925216715623,1,9848.78031231966,10867.9022810877,19.11426436890434,20.40404464142897,-0.4040446414289711,-0.10074002638772744,9.9542794013125,1.8045086967857937
1021,20.0,10.189628722386571,1,9858.590683597275,10878.731615237552,19.314693524286596,19.986152592187523,0.013847407812477286,-0.10045930596122782,9.977814333419905,2.0037915615495807
1022,20.0,10.245897074397215,1,9868.344786522877,10889.510307870594,19.581031350981185,19.897897844814068,0.10210215518593202,-0.10022234996401752,10.004622607517637,1.9606145368735595
1023,20.0,10.369680800801342,1,9877.975105722076,10900.177595149873,19.546109553374677,19.76429603578335,0.23570396421665052,-0.09995379528345064,10.041128426846008,1.9415835642187602
1024,20.0,8.735227994933535,1,9889.239877727143,10912.315889954432,22.860465438998247,23.125874607900258,-3.1258746079002577,-0.09959040035046214,9.91053838365476,1.904749531155161
1025,20.0,9.781337048641323,1,9899.4585406785,10923.512686610655,20.574782668130364,18.121680824416615,1.8783191755833855,-0.10090269179011291,9.897618250153418,2.556316550502352
1026,20.0,8.691873961306316,1,9910.766666717194,10935.690000045479,22.886284498891307,21.90158094157512,-1.9015809415751193,-0.10103440794804341,9.777043821268707,1.8661223063114634
1027,20.0,10.021635956078677,1,9920.745030761116,10946.670527685008,19.196726947150626,17.46275148691785,2.537248513082151,-0.10228040482181619,9.801503034749706,2.4386067865330676
1028,20.0,9.997220216665394,1,9930.747810544452,10957.67302949001,19.403223259280168,20.10897046687444,-0.1089704668744389,-0.10202516863532618,9.821074752941275,1.7358606336504034
1029,20.0,10.627319364873808,1,9940.120491179578,10968.108442061623,17.581715092902265,18.731287505165856,1.2687124948341442,-0.10182184996611639,9.90169921413453,2.0115781061748894
1030,20.0,10.712580635632673,1,9949.407910543945,10978.467119489553,18.065170327189296,20.030560187709412,-0.030560187709411935,-0.10099276683465751,9.982787356284344,1.7456790248330296
1031,20.0,10.121665028951421,1,9959.286245514993,10989.357620963496,19.428016177731276,21.015316230615483,-1.0153162306154826,-0.10017242322310732,9.996675123551052,1.87866758114439
1032,20.0,9.69978335356186,1,9969.586462161431,11000.62781594529,20.704268761260447,20.852293371398833,-0.852293371398833,-0.10003325982296969,9.966985946552134,2.0787085777346337
1033,20.0,10.291096667527443,1,9979.295365493903,11011.365828944516,19.78577301299602,18.74786224208199,1.2521377579180104,-0.10033123407241572,9.999397018649665,2.1479179375571533
1034,20.0,9.683249417605412,1,9989.612116076298,11022.65090446867,21.168225417872858,21.199359610878002,-1.1993596108780018,-0.10000603017711178,9.96778225854524,1.8122534982212193
1035,20.0,9.999164409133991,1,9999.612951667164,11033.65165650045,20.234173799271666,19.42391078248707,0.57608921751293,-0.10032321875236731,9.970920473604115,2.1777268517056885
1036,20.0,10.59168179017646,1,10009.021269876988,11044.11914288929,19.11900076058242,18.8505747491448,1.1494252508551988,-0.10029164334900541,10.032996605261351,1.942405034526581
1037,20.0,9.665337192406346,1,10019.355932684583,11055.420339416125,20.841623655171972,21.738028268536794,-1.7380282685367945,-0.09967111914256956,9.996230663975851,1.7705069300688878
1038,20.0,10.4834071835455,1,10028.872525501038,11065.985272950935,18.98373706766535,18.32731524978192,1.6726847502180817,-0.100037707573493,10.044948315932817,2.2331206456904353
1039,20.0,10.406440821215382,1,10038.466084679822,11076.619476211841,19.605511964223822,20.370696203189908,-0.37069620318990815,-0.09955252815127458,10.081097566461075,1.7255293481306544
1040,20.0,9.427124909721506,1,10049.0389597701,11088.135063793092,21.313952220256613,21.830946049911457,-1.8309460499114572,-0.09919554824336906,10.015700300787119,1.9666388565786117
1041,20.0,10.58433647693044,1,10058.45462329317,11098.609160963855,18.954413525440323,17.53490403171506,2.4650959682849383,-0.09984324310516875,10.07256391840145,2.2954714328245247
1042,20.0,10.419139807222903,1,10068.035483485946,11109.231935137355,19.716358599825945,20.644087262589785,-0.6440872625897853,-0.09927958840480641,10.107221507283596,1.6211335178952089
1043,20.0,10.061155532423594,1,10077.974327953523,11120.176895158174,20.09849619098187,20.56426150625397,-0.5642615062539704,-0.0989391594197641,10.102614909797596,1.9957772933362914
1044,20.0,9.542605925183409,1,10088.43172202834,11131.58854982551,21.298995334681326,21.062536539250107,-1.0625365392501074,-0.09898427376759576,10.046614011336178,2.043647733114269
1045,20.0,9.484476388854658,1,10098.947245639485,11143.05252107554,21.349072910197393,20.203935596140756,-0.20393559614075585,-0.09953602267108519,9.990400249088026,2.1992358974735375
1046,20.0,9.677402453858187,1,10109.269843185626,11154.342858867069,20.792840061050395,19.554401089288486,0.4455989107115137,-0.10009608975288903,9.959100469565042,2.1337889588977164
1047,20.0,10.325556677975175,1,10118.94428650765,11165.049857856891,19.112768162763153,18.654518011406807,1.3454819885931926,-0.10041067494559319,9.995746090406055,2.024092620832925
1048,20.0,9.426624899559162,1,10129.517661608092,11176.565895447287,20.812359565749475,21.69131730529817,-1.6913173052981705,-0.10004255719938733,9.938833971321365,1.7994988542401773
1049,20.0,10.262507349171923,1,10139.255154258919,11187.329638833033,18.81169161223026,18.3610319332748,1.6389680667252016,-0.1006154245946268,9.971201309106423,2.273351392426129
1050,20.0,9.254946682672964,1,10150.000207576246,11199.000186818626,21.18941373379401,21.924684532128065,-1.9246845321280652,-0.10028881866889275,9.899575846463078,1.7759526839758821
1051,20.0,9.87755884933669,1,10160.122648726909,11210.110383854224,19.637617376496014,18.94218458860316,1.0578154113968417,-0.10101442885124014,9.89737414675044,2.3267388525929418
1052,20.0,10.065788652744406,1,10170.056860074164,11221.051174066753,19.590930928540793,19.599659739713246,0.40034026028675385,-0.1010368998052201,9.914215597349836,1.9216104685067306
1053,20.0,11.46707808703535,1,10178.58978198713,11230.730803788421,16.58382229643079,17.273516065539667,2.726483934460333,-0.1008652666648998,10.069501846318389,1.9469775565072205
1054,20.0,9.17361060668778,1,10189.416171380442,11242.474554242403,21.454648010815518,24.030522315031234,-4.030522315031234,-0.09930977870227214,9.979912722355328,1.4435966729233065
1055,20.0,10.88320873989408,1,10198.53296264055,11252.679666376498,17.87064904763023,16.570436849270735,3.4295631507292654,-0.10020127708732036,10.070242324109204,2.523160781167536
1056,20.0,10.089905448392368,1,10208.443057192157,11263.598751472944,20.707004376589556,22.075398540064562,-2.075398540064562,-0.09930247632729715,10.072208636537521,1.4365881210032225
1057,20.0,10.246703150809578,1,10218.196354041347,11274.376718637215,19.854438563891158,19.602982203590958,0.3970177964090418,-0.09928309034152072,10.089658087964727,2.1931362708304953
1058,20.0,10.071008748032924,1,10228.125345293314,11285.312810763986,20.70452437194833,20.402144253596486,-0.40214425359648587,-0.09911138626122848,10.087793153971546,1.9065456530106568
1059,20.0,10.26683609091714,1,10237.858509202397,11296.07265828216,20.048332658644835,19.598184256013923,0.4018157439860772,-0.09912970901929148,10.105697447666106,2.0263263008540093
1060,20.0,9.90778893738279,1,10247.950720265015,11307.155648238517,20.821223036811908,20.712264188746058,-0.7122641887460581,-0.09895408062418773,10.085906596637775,1.9061689935692867
1061,20.0,10.872430108874475,1,10257.07829015614,11317.37046114053,18.59730507459421,18.00849112854113,1.9915088714588691,-0.09914825111838323,10.164558947861444,2.088196735490926
1062,20.0,9.726117313465167,1,10267.352172842675,11328.616955558411,21.114706299135758,22.233772535319844,-2.2337725353198437,-0.098381051763234,10.120714784421816,1.6218926921004984
1063,20.0,10.679340743307549,1,10276.672832099368,11339.005548889434,18.801412754060827,18.04363733621331,1.9563626637866918,-0.09880725040678327,10.17657738031039,2.2651337550275126
1064,20.0,9.613379727872186,1,10287.059452371495,11350.353507134349,21.435293372559396,22.144275075287588,-2.144275075287588,-0.09826486476040529,10.120257615066569,1.6538785225375536
1065,20.0,9.963848892159227,1,10297.095603479336,11361.386043131406,20.315345335180258,19.46833063734852,0.5316693626514812,-0.09881171389463905,10.104616742775836,2.275821791695704
1066,20.0,9.356822468625868,1,10307.73878101071,11372.964902909644,21.77718979939921,21.170026926729186,-1.1700269267291858,-0.09896466392106727,10.02983731536084,1.9556108681098654
1067,20.0,10.273014232208512,1,10317.465766778501,11383.719190100655,19.36952473856135,18.133458986846414,1.8665410131535864,-0.09970251446336878,10.054155007045608,2.2424351236326796
1068,20.0,10.86707557415592,1,10326.598691204346,11393.938822083916,18.413309254734276,19.082067033401948,0.9179329665980518,-0.09946136689749006,10.13544706375664,1.7531296091059205
1069,20.0,9.953586292107488,1,10336.645104912239,11404.980594421018,20.022189446658274,21.589397438117377,-1.589397438117377,-0.09866363010033385,10.117260986591726,1.7574238150881416
1070,20.0,9.881868580777654,1,10346.76323633146,11416.086912698318,20.21662634437566,20.192637446214714,-0.19263744621471446,-0.09884098090632307,10.093721746010319,2.165254457393203
1071,20.0,9.331229822159244,1,10357.432006509302,11427.688805858375,21.600067793029375,21.11341394889455,-1.11341394889455,-0.09907148474696795,10.017472553625211,2.0446633360172926
1072,20.0,9.862424407868614,1,10367.569582101432,11438.812623891294,20.32892164453801,18.94378670964855,1.056213290351451,-0.09982557922138866,10.001967739049553,2.247888178646848
1073,20.0,9.044323444167084,1,10378.525258657266,11450.672732791543,21.960460267157117,21.530525532636464,-1.5305255326364637,-0.09998032648073968,9.906203309561306,1.9253249051196135
1074,20.0,9.452273207968704,1,10389.072985449297,11462.16568690437,20.65640091349607,19.426379760691482,0.5736202393085179,-0.10094684802550098,9.860810299402047,2.338500515760607
1075,20.0,10.136071627665482,1,10398.936913821632,11473.043222439472,19.065839992578624,18.445580920206336,1.5544190797936643,-0.10141154424810701,9.88833643222839,2.0699142242858635
1076,20.0,10.791407918644838,1,10408.145505902987,11483.330955312691,17.559313299251407,18.863091621141933,1.1369083788580667,-0.10112924523287528,9.978643580870036,1.814637111922235
1077,20.0,11.685526516737703,1,10416.459979386249,11492.813981447627,16.251148158404224,18.501598947987606,1.4984010520123938,-0.10021402126408148,10.149331874456802,1.7424540215616
1078,20.0,9.64804894895746,1,10426.811930437292,11504.130737393565,20.525432761058646,23.463481085157298,-3.463481085157298,-0.0985286531536856,10.099203581906869,1.5586693167073207
1079,20.0,10.861180093987263,1,10435.950750343305,11514.355675308976,18.420999791629004,17.42050552682078,2.5794944731792206,-0.09901770886087893,10.175401233114908,2.3978034921595563
1080,20.0,10.146251488240988,1,10445.804498855065,11525.22404896956,20.934490022137226,21.795248177370393,-1.795248177370393,-0.09827622293119921,10.172486258627515,1.5400029624299472
1081,20.0,9.909251411952175,1,10455.895247443112,11536.305722698802,21.044488360982385,20.451136879088196,-0.451136879088196,-0.09830438445192073,10.146162773959983,2.153957994499738
1082,20.0,10.259556671035691,1,10465.635690772076,11547.07212169487,20.54968947940871,19.27530256934808,0.7246974306519185,-0.09855942805949154,10.157502163667553,2.0640106574509947
1083,20.0,10.037149890207976,1,10475.598540881869,11558.038686793683,20.77788049159667,20.45483152083368,-0.45483152083367884,-0.09844940063876212,10.145466936321597,1.875081198784851
1084,20.0,10.06623743536733,1,10485.532303446502,11568.979073101853,20.419000758783778,19.94119753216461,0.05880246783538823,-0.09856618786267181,10.13754398622617,2.0378651030617676
1085,20.0,9.755000102303999,1,10495.777303344197,11580.199573009779,20.909069488310877,20.619456739989296,-0.6194567399892961,-0.09864322180586294,10.099289597833954,1.9807012393174428
1086,20.0,9.161134204120689,1,10506.616169140076,11591.95455222607,21.889652923180403,21.290711088379492,-1.290711088379492,-0.09901686552433105,10.005474058462628,2.1098638248215718
1087,20.0,9.073824878486752,1,10517.542344261588,11603.788109835432,21.8697440783331,20.366563899212384,-0.36656389921238386,-0.09994528936429556,9.912309140465041,2.305989752874385
1088,20.0,10.391946929968736,1,10527.15039733162,11614.43535759846,18.580095530700117,16.978908391603703,3.021091608396297,-0.10088466631026446,9.96027291941541,2.250555710611105
1089,20.0,9.833979945948572,1,10537.316417385671,11625.584775647107,19.70568296699125,21.161187462615974,-1.161187462615974,-0.10039885534167595,9.947643622068725,1.6084760204849058
1090,20.0,9.6423466602063,1,10547.674070725465,11636.90666365292,19.727280947753396,20.493455436974646,-0.4934554369746458,-0.10052631939703914,9.917113925882482,2.1434338293329036
1091,20.0,10.005103376033892,1,10557.668967349431,11647.90207061449,19.285989528497648,19.218417575997705,0.7815824240022948,-0.1008357882619579,9.925912870897623,2.126418594728258
1092,20.0,10.476959351749377,1,10567.192007997683,11658.472807197915,18.50258927184627,19.100841092998273,0.899158907001727,-0.10074640116295598,9.981017518982798,1.9201731922001133
1093,20.0,10.108218365815839,1,10577.083789631866,11669.375410668681,19.48863713009212,20.72077807925191,-0.720778079251911,-0.10019018583006291,9.993737603666103,1.8183286459169108
1094,20.0,9.606367038015419,1,10587.47742259385,11680.729680334467,20.610395741971313,21.004235022052114,-1.0042350220521143,-0.10006266320552182,9.955000547101035,2.0524453187323815
1095,20.0,10.73577577338937,1,10596.741646820461,11691.067482138416,18.50413973687595,17.582331642919872,2.417668357080128,-0.1004520286331081,10.033078069729868,2.1816684582019508
1096,20.0,10.947511301788978,1,10605.794135518672,11701.214721966806,18.658734700590475,20.08264323997538,-0.08264323997537915,-0.09967030985406497,10.12452139293578,1.598508366014182
1097,20.0,10.296733993193712,1,10615.49740152548,11711.947661372931,19.83830772770491,20.964674511212706,-0.9646745112127064,-0.0987701009449922,10.141742652961574,1.856702206874522
1098,20.0,10.584198106806454,1,10624.913203418673,11722.421883076806,19.51530809303322,19.37265063440408,0.6273493655959186,-0.09860238365523719,10.185988198346061,2.0400245402552786
1099,20.0,10.745175998088287,1,10634.168027420585,11732.751224678526,19.587956402085524,19.82467501603353,0.175324983966469,-0.09817407801065132,10.241906978320284,1.8192327070164696
1100,20.0,10.678059589842707,1,10643.489967830741,11743.140971047667,19.782151174248988,20.098916649986574,-0.0989166499865739,-0.09763806702372572,10.285522239472527,1.847316752643963
1101,20.0,10.368459506267573,1,10653.121508324473,11753.809357492026,20.462276418491452,20.561027113298547,-0.5610271132985467,-0.09722403750801506,10.293815966152032,1.8843579921277291
1102,20.0,10.35900822824493,1,10662.762500096229,11764.486250086606,20.457723117610506,19.997666377554395,0.002333622445604533,-0.09714570410897035,10.300335192361322,1.9850704124045369
1103,20.0,10.311796344007902,1,10672.450703752222,11775.205633376998,20.547000741854227,20.11128689290365,-0.11128689290364946,-0.09708421923410755,10.301481307525979,1.928507780917003
1104,20.0,9.341597395271775,1,10683.10910635695,11786.798195721254,22.284568769653486,21.8888866510046,-1.8888866510046007,-0.09707341790441609,10.205492916300559,1.9506728315140482
1105,20.0,10.420433894115751,1,10692.688672462833,11797.41980521655,19.678448801274346,17.781024219262637,2.218975780737363,-0.09798644790618258,10.226987014082077,2.3135181007534893
1106,20.0,9.186511617324067,1,10703.502160845508,11809.151944760959,22.19206311114615,22.29477705212817,-2.2947770521281683,-0.0977805094132854,10.122939474406275,1.6857592753630508
1107,20.0,9.523240326924967,1,10713.978920518583,11820.581028466726,20.907369954702375,19.783500254912763,0.21649974508723702,-0.09878553581479864,10.062969559658145,2.363825339319589
1108,20.0,10.782139040684852,1,10723.196781477898,11830.87710333011,18.234944018804523,17.23607265411883,2.7639273458811715,-0.09937424475663142,10.134886507760816,2.091183160940001
1109,20.0,10.504132097616518,1,10732.692649380282,11841.423384442254,18.81950296365995,20.810485951223075,-0.8104859512230753,-0.09866908714115816,10.171811066746388,1.563726212718028
1110,20.0,10.892438973811517,1,10741.80021040647,11851.620189365824,17.94868199950507,19.016380434159874,0.9836195658401259,-0.09831090977192772,10.243873857452902,2.0008471536505597
1111,20.0,9.836995369787624,1,10751.963215036683,11862.766893533015,20.54868144763062,22.043467996790977,-2.0434679967909766,-0.09761931998727735,10.203186008686373,1.7254163288007454
1112,20.0,9.30865069523394,1,10762.65456434145,11874.389107907304,21.710675063420396,21.300047261494434,-1.3000472614944343,-0.09800860232761224,10.11373247734113,2.228402527330545
1113,20.0,9.855737681757795,1,10772.798826659693,11885.518943993722,20.79877690436317,18.80330858424318,1.1966914157568205,-0.09887546484350918,10.087932997782797,2.282603231099684
1114,20.0,10.061218778344344,1,10782.737607881349,11896.463847093211,20.223469029799904,19.54308391244239,0.4569160875576088,-0.09912833483527177,10.085261575838953,1.914303336018921
1115,20.0,10.047393229804007,1,10792.690214651544,11907.421193186388,19.91716141410855,20.02124462162722,-0.021244621627218407,-0.09915459232070677,10.081474741235459,1.9429755404522953
1116,20.0,10.680208287254022,1,10802.01000636429,11917.80900572786,18.513626763131928,18.736669227003407,1.2633307729965928,-0.09919183707417122,10.141348095837316,1.9928989044179275
1117,20.0,9.783237744997933,1,10812.226768619292,11929.004091757362,20.45111173891684,21.715116245016354,-1.715116245016354,-0.09860621985852813,10.105537060753377,1.7398690929994
1118,20.0,10.211220683081754,1,10822.01554793621,11939.813993142589,19.49194847359521,19.17451808093921,0.8254819190607883,-0.09895565114333954,10.116105422986216,2.2074342396128075
1119,20.0,9.406823710339236,1,10832.60872422587,11951.347851803283,21.45867375014397,21.567073231833422,-1.5670732318334224,-0.09885227152019989,10.045177251721519,1.8717736604070807
1120,20.0,10.270190366826288,1,10842.338533859045,11962.10468047314,19.406962861190884,18.284225878762673,1.7157741212373274,-0.09955025928772161,10.067678563231997,2.2670317220483667
1121,20.0,10.001865130111382,1,10852.336668728934,11973.10300185604,20.247030645469657,20.597697928221468,-0.5976979282214678,-0.09932776396458301,10.061097219919937,1.7683229798104907
1122,20.0,9.550111997029289,1,10862.786556731906,11984.507901058712,20.807903456667415,20.933281792556826,-0.9332817925568264,-0.09939273800277995,10.009998697630872,2.059077018340891
1123,20.0,9.858502382695088,1,10872.928054349211,11995.635248914286,20.197750254651236,19.383873628243357,0.6161263717566428,-0.09990011289778451,9.994849066137293,2.1858703612163004
1124,20.0,9.889494552090866,1,10883.03855979712,12006.734703817405,20.087969468967486,19.908638816438472,0.09136118356152778,-0.10005153588442028,9.98431361473265,1.9692851549918062
1125,20.0,9.837906922397742,1,10893.200652874722,12017.880587587248,20.028874932992075,20.10875714341397,-0.10875714341397114,-0.10015711030194607,9.969672945499159,2.0126112016720294
1126,20.0,11.06280474536061,1,10902.137848129361,12027.924063316423,17.493959311472924,17.50156349638934,2.498436503610659,-0.10030419307299877,10.078986125485304,2.043531831880642
1127,20.0,9.940932398615272,1,10912.196915730747,12038.977224157668,20.121869317892962,22.242960240025667,-2.242960240025667,-0.09921632866141582,10.065180752798302,1.5349267698962652
1128,20.0,9.853662333893597,1,10922.343253396853,12050.108928057165,20.165660947551324,20.2504731594836,-0.25047315948360094,-0.0993524134896417,10.044028910907832,2.231909957467754
1129,20.0,8.741529425433916,1,10933.60172397142,12062.241551574274,22.845265292672618,22.26391298167802,-2.2639129816780184,-0.09956164093812976,9.91377896236044,2.0575987681826926
1130,20.0,9.463475588812313,1,10944.138248382607,12073.724423544343,21.139455337654674,18.72538181325106,1.2746181867489383,-0.1008697090984872,9.868748625005628,2.4873029942882847
1131,20.0,9.842155945326189,1,10954.296092437282,12084.86648319355,20.18316162557883,18.998818973319704,1.001181026680296,-0.10132996978625847,9.866089357037685,2.0042928550933032
1132,20.0,9.588488394294014,1,10964.707604042987,12096.236843638684,20.166576411110597,20.49150620714736,-0.49150620714735993,-0.1013572818785266,9.838329260763317,1.9301595835674998
1133,20.0,10.829024556026678,1,10973.87857948696,12106.490721538261,17.314328083162557,17.432326348523603,2.5676736514763974,-0.10164327432993578,9.937398790289652,2.1293866071982106
1134,20.0,9.901037334762268,1,10983.977542152197,12117.579787936975,19.61525281521606,21.936373850852824,-1.9363738508528243,-0.10062995569596662,9.933762644736914,1.565083735546064
1135,20.0,10.77306654959095,1,10993.204475602606,12127.884028042343,17.76015649486404,18.123404127826454,1.8765958721735458,-0.10066679019453097,10.017693035222319,2.2104170259609637
1136,20.0,10.03702278043022,1,11003.167452822176,12138.850707539956,20.11725610909912,21.644701358638837,-1.6447013586388373,-0.09982338213838146,10.01962600974311,1.6417919067910378
1137,20.0,10.022336701852947,1,11013.145116120322,12149.830604508288,20.085057338759313,20.015801113681444,-0.015801113681444434,-0.09980412432835292,10.019897078954093,2.1580696087528777
1138,20.0,9.9467221313725,1,11023.19839398895,12160.878554590054,20.674743778590635,20.154618468171208,-0.15461846817120772,-0.09980142431806126,10.012579584195933,1.9967565579083582
1139,20.0,10.002277750972876,1,11033.196116237978,12171.876504614178,20.445759314713815,19.889196418342465,0.11080358165753523,-0.0998743622051625,10.011549400873626,2.0260807142510733
1140,20.0,11.031277001829915,1,11042.164839236148,12181.948355312532,18.33297817892975,17.95382274093378,2.0461772590662193,-0.09988463922604608,10.113522160969255,1.9884709334893822
1141,20.0,8.60823356394927,1,11053.556605672198,12194.200945104978,23.014318422370554,24.24424123797243,-4.244241237972432,-0.09887752101431718,9.962993301267257,1.5926126308161757
1142,20.0,8.799072553336792,1,11064.757533118862,12206.281779806975,22.687273910027223,20.947331987728123,-0.9473319877281234,-0.10037144156995505,9.846601226474212,2.647655091945984
1143,20.0,9.674097501366331,1,11075.083435617495,12217.575092055746,20.73357822186264,17.592385061203505,2.4076149387964954,-0.1015578855078781,9.829350853963424,2.4141732004691967
1144,20.0,10.008716729162542,1,11085.074718888332,12228.567246999499,19.396879566176096,19.239029772474073,0.7609702275259274,-0.10173611816865573,9.847287441483337,1.8337371098987139
1145,20.0,10.414062654858407,1,11094.660656233475,12239.194590610126,18.160808990029373,19.232319494137197,0.7676805058628027,-0.10155080837666357,9.903964962820844,1.9211244392699391
1146,20.0,10.283852318816486,1,11104.376803914658,12249.939123523192,18.56323380306393,20.279786728121294,-0.27978672812129446,-0.10096966252949872,9.941953698420408,1.8429409698288097
1147,20.0,9.769452452271658,1,11114.607351462386,12261.146616316148,19.791335286070236,20.97701222384624,-0.9770122238462413,-0.10058385206107744,9.924703573805532,1.9758297200972246
1148,20.0,10.611426215945057,1,11123.995925246441,12271.596332721798,18.44571390476069,18.22617035405336,1.7738296459466412,-0.10075867682731804,9.993375838019485,2.143994728588582
1149,20.0,10.618117241891639,1,11133.37780800455,12282.040027204095,19.057020405075168,20.26658069352578,-0.2665806935257784,-0.10006628552841286,10.055849978406702,1.6914099977792336
1150,20.0,10.110434698762939,1,11143.267373305787,12292.940635975208,20.083928612926147,20.834719077489645,-0.8347190774896447,-0.09944460211193852,10.061308450442326,1.9219610427248712
1151,20.0,10.577594543492104,1,11152.689778762295,12303.420800886066,19.413573160467053,19.026488830682755,0.9735111693172449,-0.09939065131792446,10.112937059747303,2.0617381539004507
1152,20.0,10.163587158059277,1,11162.526191604235,12314.273572443813,20.5189268711778,20.888030925302413,-0.888030925302413,-0.09888324174193837,10.1180020695785,1.7846511889256875
1153,20.0,9.66311018393027,1,11172.863081420304,12325.576773278277,21.366807809981534,20.995814970942828,-0.9958149709428277,-0.09883374139709565,10.072512881013678,2.0585728172116156
1154,20.0,10.418690103400003,1,11182.444391316903,12336.199952185218,19.769384877223956,18.405846232126915,1.5941537678730846,-0.09928009145413592,10.107130603252312,2.168215823162259
1155,20.0,10.066367873547206,1,11192.378023443356,12347.140221099025,20.50947460105802,20.774670377258875,-0.7746703772588752,-0.0989400492834451,10.103054330281802,1.751493296921915
1156,20.0,10.000803908052692,1,11202.377219535303,12358.139497581778,20.273515620366176,20.122484654648222,-0.12248465464822189,-0.09897996856284423,10.092829288058892,2.0650525610227612
1157,20.0,10.883772143313745,1,11211.49344739199,12368.344102652796,18.541012798171547,18.224663809961076,1.7753361900389244,-0.09908024513831101,10.171923573584376,2.011969798369923
1158,20.0,8.529476722875948,1,11222.963970669114,12380.667573602208,23.098674812471202,24.17103115711506,-4.17103115711506,-0.09830982240143007,10.007678888513533,1.6476547283556504
1159,20.0,9.149389497904258,1,11233.81458117121,12392.433123054094,21.82196360166426,19.842122525966893,0.15787747403310703,-0.0999232700349494,9.921849949452605,2.659074535707645
1160,20.0,9.287757744175378,1,11244.526823427033,12404.074141084337,21.57034216290568,19.313655615991124,0.6863443840088763,-0.10078765604141904,9.858440728924883,2.2102715720432915
1161,20.0,9.782043611458716,1,11254.744779815575,12415.270301834023,19.7395532327632,18.890656959857967,1.1093430401420328,-0.1014359194822745,9.850801017178267,2.087804907372279
1162,20.0,9.847235098140382,1,11264.897544717434,12426.407790245697,19.323057787262492,19.857029385175277,0.14297061482472273,-0.10151458731692534,9.850444425274478,1.9328905408460415
1163,20.0,9.09560461133617,1,11275.801940106097,12438.221746095494,20.63861178276337,21.52926189272097,-1.529261892720971,-0.10151826220491929,9.774960443880648,2.015013655014398
1164,20.0,9.408905180613504,1,11286.393034925484,12449.753731432942,19.999817072156322,19.524808069432154,0.4751919305678456,-0.10230220426375466,9.738354917553933,2.3386837682908843
1165,20.0,9.483494992885857,1,11296.909539932598,12461.218585939345,19.961910330715977,19.70959085012736,0.2904091498726409,-0.10268674827176855,9.712868925087125,2.0894424718070064
1166,20.0,11.474454455245535,1,11305.435085477353,12470.891576929624,15.62074387844251,15.865429746356064,4.134570253643936,-0.10295619221393229,9.889027478102967,2.078021329621554
1167,20.0,11.081045168648288,1,11314.354040308704,12480.91863627784,17.650427824677486,21.73146279058252,-1.731462790582519,-0.1011221783147307,10.0082292471575,1.2755084688006613
1168,20.0,9.752950349389211,1,11324.601089959315,12492.14098096339,19.991969956246823,21.883080578159905,-1.8830805781599054,-0.09991777519325072,9.98270135738067,2.0351156830882093
1169,20.0,9.78185002581592,1,11334.819239933498,12503.337315940154,20.733732580298046,19.98238082123964,0.017619178760359233,-0.10017328618777663,9.962616224224195,2.2389118315166043
1170,20.0,9.310477601687024,1,11345.508762331812,12514.957886098637,22.04757179595724,20.923150465680642,-0.9231504656806422,-0.10037524054861117,9.897402361970478,2.047073326518238
1171,20.0,8.85512175206484,1,11356.653640579747,12526.988276521779,22.873827290481625,21.137069076112297,-1.1370690761122972,-0.10103661177223369,9.793174300979915,2.2344222861706697
1172,20.0,9.929871888154885,1,11366.723768691592,12538.051391822439,20.080387778240567,17.584182786639012,2.415817213360988,-0.10211193728063626,9.806844059697413,2.3719224733975652
1173,20.0,9.401288810053584,1,11377.322479881539,12549.590231893391,20.865228830025412,20.941138355108436,-0.9411383551084356,-0.10196960346393584,9.76628853473303,1.7702939211624662
1174,20.0,9.949089681002794,1,11387.373390200537,12560.636051180489,19.05261819049571,19.029705997140304,0.9702940028596956,-0.10239304280675093,9.784568649360008,2.2023554978911015
1175,20.0,9.039876490573914,1,11398.333513709964,12572.500162338973,21.025001987634166,21.745041604415768,-1.7450416044157677,-0.10220174601824765,9.7100994334814,1.9120465208509931
1176,20.0,9.542815325013846,1,11408.79069838495,12583.91162854646,19.755140446375254,19.192561844079627,0.8074381559203729,-0.10298555713568693,9.693371022634645,2.3632941634342504
1177,20.0,10.089176257181698,1,11418.701522127769,12594.831369914997,18.828617196200923,18.76452023070208,1.2354797692979211,-0.10316328526628514,9.73295154608935,2.0247482145865394
1178,20.0,10.219725758670362,1,11428.481796369098,12605.633616732193,18.53574668895474,19.806865370042217,0.19313462995778252,-0.10274375612213901,9.781628967347451,1.8550062211382026
1179,20.0,10.25048317524521,1,11438.231313193854,12616.408181874473,18.697310856357202,19.92609316103669,0.0739068389633104,-0.10223246080363,9.828514388137227,1.9394961065852339
1180,20.0,9.207706609505777,1,11449.023606584347,12628.121245925917,21.056490310101882,22.02723918058174,-2.0272391805817414,-0.10174477652563393,9.766433610274081,1.943899250870643
1181,20.0,10.512811438081338,1,11458.510795146267,12638.659715631644,18.50788387682444,17.20033131356247,2.7996686864375313,-0.10239152180874103,9.841071393054806,2.361585957595218
1182,20.0,9.51987298203889,1,11468.990922164228,12650.091829947809,21.02662991098662,22.02177946874481,-2.0217794687448105,-0.1016149522810835,9.808951551953214,1.5944069709180975
1183,20.0,10.379714748764384,1,11478.611207415464,12660.750086673921,18.895468048510782,18.328341507710604,1.6716584922893958,-0.10194769488905002,9.86602787163433,2.2826675428488734
1184,20.0,9.993616794029084,1,11488.617590621436,12671.755831559294,20.23243391235404,20.90059380540723,-0.9005938054072296,-0.1013579135403707,9.878786763873805,1.7438879298149579
1185,20.0,9.174167500553231,1,11499.443423120883,12683.499080808797,21.602141629932213,21.70568888857519,-1.7056888885751889,-0.10122700528944976,9.808324837541747,2.0922775734882237
1186,20.0,9.810281377251288,1,11509.633141743632,12694.66982756927,20.32870426071802,18.68400710815177,1.3159928918482287,-0.10195420895650406,9.808520491512702,2.3466892431656015
1187,20.0,10.219218245238261,1,11519.413923498394,12705.472531148556,19.453818119390462,19.161695663525258,0.8383043364747422,-0.10195217524042474,9.849590266885258,1.9103527271983958
1188,20.0,10.367779228284759,1,11529.046144270109,12716.1415298431,18.952294849169913,19.742731090905288,0.25726890909471223,-0.10152706588842,9.901409163025209,1.873011003131925
1189,20.0,9.91540726153335,1,11539.130737008576,12727.21766330772,19.90614826105178,20.852576522463092,-0.8525765224630923,-0.10099572530890814,9.902808972876024,1.9051314857964758
1190,20.0,10.919067334360632,1,11548.211669674216,12737.390502706796,17.968036158053753,17.898399159217124,2.1016008407828757,-0.10098144907561263,10.004434809024485,2.1022104416384257
1191,20.0,10.604506462591935,1,11557.607163211624,12747.846446890462,19.257649490172494,20.96591028602571,-0.9659102860257107,-0.09995567156856792,10.06444197438123,1.5967257819043095
1192,20.0,9.846007530160149,1,11567.761155681463,12758.985040113317,20.643874923971513,21.279315875770315,-1.2793158757703154,-0.09935970643434315,10.042598529959122,1.999449457046595
1193,20.0,10.450073087282167,1,11577.31108259418,12769.579974334763,19.72447223862197,18.726188160015763,1.273811839984237,-0.09957582163787548,10.083345985691427,2.158178945485263
1194,20.0,11.160276091112912,1,11586.150806503067,12779.535725852762,18.65718395516341,18.899534871699696,1.1004651283003035,-0.0991734292782406,10.191038996233576,1.7765378854833453
1195,20.0,11.176290760469817,1,11594.974515742597,12789.477064168339,18.818293127282356,20.057549756850804,-0.0575497568508041,-0.09812542179159377,10.289564172657201,1.685888951770331
1196,20.0,9.263200071506501,1,11605.711315671091,12801.140184103982,22.379113785949436,23.31632146151982,-3.31632146151982,-0.09718584608834387,10.186927762542132,1.8072834620971658
1197,20.0,9.44408013330571,1,11616.267235537785,12812.640511984007,22.11686782241556,20.096091697500068,-0.09609169750006785,-0.0981650231856019,10.11264299961849,2.45870740572507
1198,20.0,10.890951272040311,1,11625.376284265745,12822.83865583917,19.077106652093864,16.722078406353358,3.277921593646642,-0.09888611711475684,10.190473826860673,2.146186564175842
1199,20.0,9.365031369497418,1,11636.011252896247,12834.410127606623,21.895325468128902,22.795153355676227,-2.795153355676227,-0.09813086388231909,10.107929581124349,1.487119957338118
1200,20.0,9.206475320024992,1,11646.804777576222,12846.1242998186,21.715856966900212,20.966985174685398,-0.9669851746853979,-0.09893222860074236,10.017784155014414,2.3709582030282976
1201,20.0,9.708283521580572,1,11657.096494054642,12857.386844649178,20.63204494017499,18.786778171831717,1.2132218281682832,-0.09982247416455352,9.98683409167103,2.284668237546754
1202,20.0,10.252136025684752,1,11666.844358028957,12868.159922226061,19.080404769252656,18.844677773578784,1.155322226421216,-0.10013183265295206,10.013364285072402,1.9451654121923312
1203,20.0,9.938561976033343,1,11676.905796052923,12879.215216447632,19.557491811569065,20.601678576336525,-0.6016785763365249,-0.09986653551501841,10.005884054168495,1.8355773442108534
1204,20.0,9.609661827756645,1,11687.296134225166,12890.566520802651,20.120318165956608,20.696129932148725,-0.6961299321487253,-0.09994119406004866,9.96626183152731,2.0714098998460497
1205,20.0,9.595472522965295,1,11697.7006617022,12901.930595531983,20.309717312782563,20.05911181583446,-0.059111815834459236,-0.1003385238020334,9.929182900671108,2.1507036851934824
1206,20.0,9.572597761352375,1,11708.128063940847,12913.315257546767,20.41104485891189,20.024093410281495,-0.024093410281494698,-0.10071322182335976,9.893524386739234,2.0929552149825734
1207,20.0,9.472294222804635,1,11718.655769718041,12924.790192746243,20.558365945343006,20.209108682078522,-0.20910868207852218,-0.10107621519994918,9.851401370345775,2.09188864514979
1208,20.0,11.368979726365637,1,11727.286789991676,12934.558110992513,16.420717060744042,15.974804360911552,4.025195639088448,-0.10150840092762366,10.00315920594776,2.131616460267366
1209,20.0,10.178506642711334,1,11737.108283348965,12945.397455014074,19.51330436880987,22.683775648382444,-2.6837756483824435,-0.09996841791795254,10.020693949624118,1.305793588300755
1210,20.0,10.532055432642844,1,11746.576227916323,12955.918605124696,18.532273049616,19.044429258324925,0.9555707416750749,-0.09979348785894321,10.07183009792599,2.244514049630825
1211,20.0,9.706553519128645,1,11756.869674397194,12967.182706957481,21.032904982833834,21.711399475816286,-1.711399475816286,-0.09928682178682918,10.035302440046255,1.7857038286916715
1212,20.0,9.88842599368837,1,11766.981248403506,12978.283123563162,20.603396927919512,19.730034082805577,0.26996591719442264,-0.09964821747767781,10.020614795410467,2.2229387575981328
1213,20.0,9.571867611177787,1,11777.40938079233,12989.668442713102,21.482795931207974,20.60677150583759,-0.6067715058375889,-0.0997942761414209,9.975740076987199,1.99786116500779
1214,20.0,8.408974999048478,1,11789.00040579328,13002.100365213959,23.61030953904331,22.558087137636488,-2.5580871376364875,-0.10024318920526774,9.819063569193327,2.1463596181750337
1215,20.0,9.17319443389128,1,11799.827211359388,13013.844490223457,21.6224741925843,18.68930957978749,1.3106904202125094,-0.10184270556486007,9.754476655663122,2.602013696522492
1216,20.0,8.913628792011764,1,11810.913582567377,13025.822224310647,21.708322462300416,20.14211737701572,-0.14211737701571892,-0.10251703246626086,9.670391869297987,2.0807678483754493
1217,20.0,8.650129733229036,1,11822.263452834148,13038.037107550741,21.53252240747098,20.759384483779936,-0.759384483779936,-0.103408425792428,9.568365655691093,2.2407447623332164
1218,20.0,9.282784615421138,1,11832.980668218726,13049.682601396862,19.608969388564155,18.649318107827163,1.3506818921728367,-0.10451105611805481,9.539807551664097,2.381835547409143
1219,20.0,10.794973407628978,1,11842.185694811098,13059.967125329997,15.967694468193525,16.743670756480327,3.256329243519673,-0.104823917524999,9.665324137260585,2.029245142546231
1220,20.0,9.973338299377387,1,11852.21235651172,13070.991120860557,18.035435165631036,21.76599084223163,-1.7659908422316306,-0.10346264499758692,9.696125553472266,1.5017719708940103
1221,20.0,10.774338257392705,1,11861.438018254326,13081.294216428903,16.61964643672086,18.211804429196654,1.788195570803346,-0.10313397804980892,9.80394682386431,2.1861376402280213
1222,20.0,10.246589546140525,1,11871.191428708185,13092.072285837377,18.948800197749655,21.322109874773467,-1.3221098747734672,-0.10199973724519258,9.848211096091932,1.6483235205595652
1223,20.0,10.469535295429095,1,11880.721893412756,13102.649704071491,18.85444671674708,19.403061471661285,0.5969385283387147,-0.1015412840202857,9.910343516025648,2.093602799417644
1224,20.0,9.459461802817255,1,11891.262431609939,13114.136188448956,21.54034977885677,21.98380243640627,-1.9838024364062683,-0.10090467584528601,9.865255344704808,1.8414640704048455
1225,20.0,10.314370572515603,1,11900.948061037423,13124.853254933692,19.81058814665639,18.25427281466894,1.7457271853310594,-0.1013658506605966,9.910166867485888,2.3006279883882295
1226,20.0,10.437228540444607,1,11910.510832496979,13135.459749247293,19.97655466138231,19.9732598412738,0.026740158726198615,-0.10090647446925283,9.96287303478176,1.7515198505576075
1227,20.0,9.654011624659784,1,11920.856820872319,13146.7711387851,21.167497737489025,21.430465950089165,-1.4304659500891646,-0.10037265320042346,9.931986893769562,1.9207345725397447
1228,20.0,10.3357242223697,1,11930.521096649949,13157.468986984966,19.65626245568246,18.583540368509137,1.4164596314908628,-0.10068478852175192,9.972360626629577,2.2104813450935756
1229,20.0,10.3397126551449,1,11940.181383994804,13168.163245595335,19.817818629914495,20.14007545761421,-0.14007545761420914,-0.10027715978598505,10.00909582948111,1.783750238138166
1230,20.0,9.67026842732195,1,11950.511115567482,13179.460004010745,20.89159043401426,21.250187004341083,-1.2501870043410825,-0.0999091243641177,9.975213089265193,1.953398563363812
1231,20.0,9.326338940637402,1,11961.184776626846,13191.066298964171,21.567941783378732,20.827938234590665,-0.8279382345906647,-0.10024848502496134,9.910325674402413,2.189739071219588
1232,20.0,9.289523000861037,1,11971.895253625984,13202.705728263396,21.549053884212242,20.102481209179118,-0.10248120917911763,-0.10090485750462479,9.848245407048276,2.231057183828548
1233,20.0,10.051903325152876,1,11981.843350300831,13213.659015270758,19.572221404762725,18.30073199197159,1.6992680080284117,-0.1015409302538614,9.868611198858735,2.1689175186009813
1234,20.0,10.196205921273588,1,11991.647144379558,13224.482429941612,19.120171144261537,19.778779222366225,0.2212207776337749,-0.10133138086498392,9.90137067110022,1.8165534231670188
1235,20.0,9.52448450172525,1,12002.122659877832,13235.910393890059,20.25629534204214,21.2820807240878,-1.2820807240877983,-0.10099611793332468,9.863682054162725,1.94201570645928
1236,20.0,10.015951204795659,1,12012.106708673036,13246.896037805744,19.2842255059841,19.023374062556293,0.976625937443707,-0.10138201885552206,9.878908969226018,2.222325788775208
1237,20.0,10.34232222168309,1,12021.764386451354,13257.587947806229,18.940408582571884,19.397830713970052,0.6021692860299481,-0.1012257530781101,9.925250294471724,1.897595426628703
1238,20.0,10.37091442879918,1,12031.393472022555,13268.254124820309,18.971476537487053,19.958893059425787,0.04110694057421327,-0.10075312665485033,9.969816707904469,1.8743706534270428
1239,20.0,10.931128072073493,1,12040.462343950481,13278.416109555443,18.157122217944,18.901673517816786,1.0983264821832144,-0.10030274671019378,10.065947844321371,1.9263537489241698
1240,20.0,10.766188499318826,1,12049.696155451162,13288.726539906056,19.0039848602114,20.475140318056607,-0.4751403180566065,-0.09934484218136919,10.135971909821118,1.7115187237271599
1241,20.0,9.399225140346074,1,12060.296930310815,13300.267237279744,21.7338661437024,22.46864952708005,-2.46864952708005,-0.09865852124462411,10.062297232873615,1.9157420449143072
1242,20.0,11.010151725722814,1,12069.286778585092,13310.358100726593,18.562817166833366,16.479962158668656,3.5200378413313445,-0.0993808845889576,10.157082682158535,2.360429539557979
1243,20.0,9.681414097266572,1,12079.605364487825,13321.644828039052,21.743640155421488,22.78075274093198,-2.7807527409319803,-0.0984534665407966,10.109515823669339,1.415000874882986
1244,20.0,10.626923687472656,1,12088.978440800352,13332.080596720327,19.178806194776527,18.124771908520124,1.875228091479876,-0.09891670555168497,10.161256610049671,2.3201428331961282
1245,20.0,10.040791975630654,1,12098.937648824722,13343.043883942259,20.933668269038744,21.356670585109175,-1.3566705851091747,-0.09841302492164025,10.14921014660777,1.6699978810543736
1246,20.0,9.752710372925819,1,12109.184938451795,13354.266444606625,20.983802074997502,20.614018295332095,-0.6140182953320945,-0.09852983488909586,10.109560169239575,2.1268602774629786
1247,20.0,8.91538188413504,1,12120.26955656766,13366.242600910904,22.75853556008055,21.772861379863336,-1.7728613798633361,-0.0989162716537072,9.990142340729122,2.113331448986686
1248,20.0,9.897061293870191,1,12130.37249527379,13377.33524574642,20.22435799576719,17.95383327381458,2.046166726185419,-0.10009867386203987,9.98083423604323,2.4066768305053565
1249,20.0,9.064370058816635,1,12141.308125214973,13389.177312693486,21.799336355561223,21.458815053693023,-1.458815053693023,-0.10019202567143695,9.88918781832057,1.8197644307424716
1250,20.0,10.580379541505664,1,12150.727745673468,13399.65497110613,17.768932969391358,16.935835943186298,3.064164056813702,-0.10112053875116156,9.95830699063908,2.317778772898059
1251,20.0,10.91007559428355,1,12159.817670079185,13409.835903071276,17.801232697779675,19.940321307467805,0.05967869253219504,-0.10041867567850751,10.053483851003529,1.5577815652004716
1252,20.0,9.521853406421986,1,12170.295816672762,13421.266235005496,20.208676808320753,22.303049554461005,-2.303049554461005,-0.0994680067944985,10.000320806545375,1.852293981034343
1253,20.0,10.181182445511563,1,12180.114634227251,13432.103170804536,19.257382336157704,18.69426830570553,1.3057316942944688,-0.09999679203745979,10.018406970441994,2.3188643730830645
1254,20.0,9.564765086795214,1,12190.549869140455,13443.49488222642,21.02160803379579,21.2131968647139,-1.2131968647139004,-0.09981626848962813,9.973042782077316,1.8276529828344033
1255,20.0,9.622909161917926,1,12200.926959978538,13454.834263980694,20.753925457217054,20.031312215488974,-0.031312215488974005,-0.10027030083507843,9.938029420061376,2.201193453332277
1256,20.0,10.464696822319222,1,12210.46226315622,13465.416036840606,19.083934616244072,18.20032492122266,1.7996750787773408,-0.1006235700994558,9.990696160287161,2.0861557353200086
1257,20.0,9.976877042893953,1,12220.485386113325,13476.436847502002,20.061088191058,21.010944938453154,-1.0109449384531537,-0.10009312503917216,9.98931424854784,1.7229219032034349
1258,20.0,11.043788825158607,1,12229.441597288167,13486.49743755936,17.697592541847516,17.76170933773446,2.238290662265541,-0.10010697182195177,10.094761706208917,2.105186541393759
1259,20.0,9.710660512778247,1,12239.73093677539,13497.75784309786,20.845017270126473,22.62730460066292,-2.627304600662921,-0.09906127842373305,10.056351586865851,1.5585350468339607
1260,20.0,10.599601799484693,1,12249.131334975906,13508.218201478323,18.84423886436225,18.180883294392792,1.8191167056072075,-0.09943964183850285,10.110676608127735,2.3063528016173787
1261,20.0,10.05844804777467,1,12259.07288692813,13519.165598235326,20.659212431993364,21.26468295380092,-1.2646829538009214,-0.09890534914311506,10.105453752092428,1.681790298090212
1262,20.0,10.47746680584654,1,12268.595420122283,13529.735878110065,19.473771335507095,19.10150022381023,0.8984997761897695,-0.09895646692687507,10.14265505746784,2.1153188209218086
1263,20.0,9.731705405602032,1,12278.863714716681,13540.977343245024,21.283739750672947,21.48308161395746,-1.4830816139574594,-0.09859351366422733,10.10156009228126,1.8104142979616682
1264,20.0,9.97026469746905,1,12288.893450019212,13552.004105017302,20.493546271575322,19.594466958640716,0.40553304135928414,-0.09899460982904153,10.088430552800038,2.195389522694735
1265,20.0,9.93070067242064,1,12298.96274934679,13563.066474412124,20.66530963148458,20.06743007419115,-0.06743007419115088,-0.09912344588846385,10.072657564762098,1.9663302246818994
1266,20.0,9.498365731092528,1,12309.464383615697,13574.517945254142,21.221932429953746,20.877683233732153,-0.877683233732153,-0.09927866539396434,10.01522838139514,2.0203209040100565
1267,20.0,10.397248920749051,1,12319.067134694948,13585.160421225468,19.101171144859716,18.118301962187154,1.8816980378128463,-0.09984794773703384,10.053430435330531,2.1889810896155155
1268,20.0,10.390149403347019,1,12328.6769852916,13595.809286762456,19.264328627052986,20.186221409288287,-0.18622140928828657,-0.09946853528579895,10.087102332132181,1.72587321478961
1269,20.0,10.35613281694334,1,12338.320852474657,13606.488767227207,19.13811123079759,19.98009625473095,0.019903745269051143,-0.09913649798262957,10.114005380613296,1.9511264978659542
1270,20.0,10.922179392350587,1,12347.398673082307,13616.658805774092,18.34706315589943,18.916170401801693,1.0838295981983066,-0.09887279691553434,10.194822781787026,1.928546043446375
1271,20.0,10.869606880741783,1,12356.529066201565,13626.876159581425,18.89851710509197,20.265645721671273,-0.2656457216712731,-0.09808900276192073,10.262301191682502,1.7158416937023244
1272,20.0,9.77503318609052,1,12366.754033015475,13638.078629713944,21.11861697906532,21.92108711826828,-1.9210871182682787,-0.097444031443015,10.213574391123304,1.8766748157445203
1273,20.0,10.223831391060507,1,12376.530201624415,13648.877181461989,20.36273268777188,19.11876848122265,0.8812315187773514,-0.09790891628195392,10.214600091117024,2.2303105132370895
1274,20.0,9.625839586445073,1,12386.90436203797,13660.213925834189,21.761979963442993,21.17806233419796,-1.1780623341979606,-0.09789908474925368,10.155724040649828,1.8638068903920288
1275,20.0,10.014013189668733,1,12396.890348848301,13671.201313963487,20.539379147232534,19.290072071735924,0.7099279282640758,-0.09846663773034282,10.141552955551719,2.1857361127747925
1276,20.0,9.640150330528682,1,12407.250198517773,13682.525178666012,21.224705185552903,20.71412715119197,-0.7141271511919705,-0.09860422800953547,10.091412693049415,1.926935191219701
1277,20.0,10.97204218548163,1,12416.278156332291,13692.650340699078,17.93093317705845,17.232788079501084,2.767211920498916,-0.09909415365489535,10.179475642292637,2.1401065248146556
1278,20.0,10.218218890205778,1,12426.059937442085,13703.453943697892,19.872659357605688,21.69976360069044,-1.6997636006904386,-0.098236887158048,10.18334996708395,1.5201303324691096
1279,20.0,9.869182523137347,1,12436.190754918947,13714.571679427068,20.189913819537242,20.641456174829262,-0.641456174829262,-0.09819951226583983,10.15193322268929,2.133743841143074
1280,20.0,10.716171143113826,1,12445.474583775833,13724.927125398266,18.884088311513537,18.232884450785946,1.7671155492140542,-0.0985034060079343,10.208357014731746,2.0910987165824597
1281,20.0,8.697630754122754,1,12456.77695302171,13737.099257719556,22.9032682468958,23.645768283024882,-3.645768283024882,-0.09795895642725794,10.057284388670846,1.6771367490907385
1282,20.0,8.791538443080826,1,12467.985414578628,13749.186873120783,22.751118423474583,20.95546341025022,-0.9554634102502213,-0.09943041892366716,9.930709794111843,2.580925399994415
1283,20.0,10.477503193131865,1,12477.507911385497,13759.757120246964,18.847341267081394,15.724505034935572,4.2754949650644285,-0.10069773669077754,9.985389134013845,2.408107915619998
1284,20.0,10.036281068870421,1,12487.471630316626,13770.724467284981,19.5969464156456,21.10327962525222,-1.1032796252522203,-0.10014632244963179,9.990478327499503,1.4568369806854133
1285,20.0,10.150267780156456,1,12497.32136253647,13781.58922628284,18.811422358420092,19.73546824519445,0.26453175480554947,-0.10009530747366008,10.006457272765198,2.1051475530361237
1286,20.0,9.20416233800887,1,12508.117200198461,13793.305480178633,21.044058241296714,21.861626422266845,-1.8616264222668448,-0.09993546894181247,9.926227779289565,1.9419303100638534
1287,20.0,9.98605977348978,1,12518.131140424972,13804.318026382492,19.40258746931999,18.473352319451315,1.5266476805486846,-0.10074320499539972,9.932210978709588,2.342092340054374
1288,20.0,11.202105646240804,1,12526.929034778732,13814.236131300875,17.38968757672922,17.754405977260678,2.245594022739322,-0.10068251692836291,10.05920044546271,1.849558198832332
1289,20.0,10.494519771877517,1,12536.434515006855,13824.791063506185,19.040107895140494,21.44145431277183,-1.4414543127718282,-0.09941147961228455,10.102732378104193,1.55442574020425
1290,20.0,10.101823927085688,1,12546.33269107977,13835.699421971809,19.844232510784305,20.573003172600757,-0.5730031726007567,-0.0989831228398483,10.102641533002343,2.065810223064488
1291,20.0,9.736567653937037,1,12556.596123425832,13846.936511083266,21.04381881835489,20.75243536542186,-0.7524353654218601,-0.09898401291714604,10.066034145095813,2.03568326248566
1292,20.0,9.763256288878363,1,12566.832867136955,13858.149580423275,21.04764838177222,19.972550960963822,0.02744903903617768,-0.09934399045200949,10.035756359474068,2.128376413525994
1293,20.0,8.72248126647999,1,12578.110385870474,13870.299347283442,23.115379390579733,22.111937345441184,-2.1119373454411843,-0.09964371036727777,9.90442885017466,2.0476528489846095
1294,20.0,10.154584252552697,1,12587.955801617922,13881.160221456144,19.505871516882447,16.98113765591416,3.0188623440858393,-0.1009649334784575,9.929444390412465,2.474823101025485
1295,20.0,10.507289865089112,1,12597.448511752833,13891.703660577565,18.890325523479763,19.563079407969756,0.43692059203024414,-0.1007105695627407,9.98722893788013,1.6577117859683872
1296,20.0,9.054628403697631,1,12608.393883349136,13903.554495014238,21.246461521904923,22.6113841222943,-2.6113841222943,-0.10012787392978878,9.89396888446188,1.8721580312178139
1297,20.0,9.60314986461591,1,12618.79073348452,13914.911660136084,20.133187571856542,19.170811045057956,0.8291889549420439,-0.10107167423686401,9.864886982477284,2.440925467966117
1298,20.0,9.305521220659946,1,12629.48521226386,13926.53669103749,20.95615900683164,20.44053158246397,-0.4405315824639686,-0.10136963573695992,9.808950406295551,2.012813577922897
1299,20.0,9.420789283114742,1,12640.064422980746,13938.057980682688,20.40258340998778,19.858963228920693,0.1410367710793068,-0.10194770679625242,9.77013429397747,2.184696816267024
1300,20.0,10.03208897609314,1,12650.032334004653,13949.029100604204,19.031328769704317,18.670143147010496,1.3298568529895043,-0.10235273844868462,9.796329762189037,2.1121044811707694
1301,20.0,8.749358707006916,1,12661.282975297645,13961.154677767898,21.569845883575677,22.418454736542195,-2.418454736542195,-0.10207904636486483,9.691632656670825,1.8574719536248008
1302,20.0,10.368562263014239,1,12670.91441303463,13971.822971731184,17.866910898407646,16.68530484343372,3.3146951565662803,-0.10318178942860493,9.759325617305166,2.4818435999464796
1303,20.0,10.45231304196021,1,12680.46209999267,13982.415889993421,18.46191737940891,20.286830445377763,-0.28683044537776325,-0.10246609645105059,9.82862435977067,1.5688847370170815
1304,20.0,9.849338447177853,1,12690.612761545492,13993.55148539096,19.4032699952896,20.99965427973781,-0.9996542797378112,-0.10174363811207175,9.830695768511388,1.9582204702455255
1305,20.0,8.511574894009275,1,12702.101186651482,14005.891067986353,22.505827972069454,22.85987195047106,-2.85987195047106,-0.10172219988773235,9.698783681061178,2.131189886143647
1306,20.0,9.402148824398566,1,12712.699037827084,14017.429134044394,20.831090223699167,18.30069964229247,1.6993003577075285,-0.10310571231243158,9.669120195394918,2.6120807877926335
1307,20.0,10.739741160461618,1,12721.959296666622,14027.76336699998,18.000279795085536,17.031517871764454,2.9684821282355465,-0.1034220259746349,9.776182291901588,1.98041847124124
1308,20.0,8.333203431562856,1,12733.62609323506,14040.263483911573,22.511277254779415,24.11625266741173,-4.116252667411729,-0.10228941831704405,9.631884405867716,1.5498559840066832
1309,20.0,9.791485952683889,1,12743.834607282375,14051.451146554156,19.265324269501235,17.819391951889042,2.180608048110958,-0.10382184397798659,9.647844560549334,2.6856864057814027
1310,20.0,9.291999532919645,1,12754.542607749456,14063.08834697453,20.81204166872166,20.81521767961456,-0.8152176796145589,-0.1036500944562338,9.612260057786367,1.8299801040704093
1311,20.0,10.482742180950902,1,12764.059865568504,14073.653879011674,17.67994586019029,17.602517739178282,2.397482260821718,-0.10403380620044238,9.69930827010282,2.2143728749351563
1312,20.0,9.594931628713923,1,12774.464933939791,14085.018440545831,20.026043700137848,21.810007395566327,-1.810007395566327,-0.10310013581921128,9.688870605963931,1.64592213417666
1313,20.0,10.242372412441368,1,12784.22256152735,14095.800305374634,18.48878161833303,18.728983585204215,1.2710164147957848,-0.10321120393376453,9.744220786611676,2.2534841422408824
1314,20.0,10.339276251501456,1,12793.883285275848,14106.494956748284,19.052645191982943,19.9637783853582,0.03622161464179996,-0.10262493244959883,9.803726333100654,1.8149437874939227
1315,20.0,11.101735503838011,1,12802.78154977201,14116.503394794829,17.62531542468861,18.48493331590265,1.5150666840973486,-0.10200203127087157,9.93352725017439,1.9347285892399468
1316,20.0,9.878234833794778,1,12812.903314938214,14127.612983444413,20.57303765734865,22.34070131594144,-2.340701315941441,-0.10066917569309979,9.927998008536429,1.634323568086234
1317,20.0,10.225626621773566,1,12822.67768831644,14138.409919484817,19.891282710614004,19.27508180733576,0.7249181926642407,-0.10072524180002515,9.957760869860143,2.2556680741199515
1318,20.0,9.108966712523538,1,12833.568721603917,14150.211849443545,22.562599056464943,22.183865568914616,-2.183865568914616,-0.10042418301354981,9.872881454126484,1.8763068060094177
1319,20.0,10.714248137976247,1,12842.85447346594,14160.569026119367,18.777488917041772,16.594131234066918,3.405868765933082,-0.10128755264067701,9.95701812251146,2.3883835809389042
1320,20.0,9.543694691157182,1,12853.310778774783,14171.979700897326,21.521387788778693,22.399287872576146,-2.3992878725761457,-0.10043167419160726,9.915685779376034,1.4873530452145718
1321,20.0,9.663547501547352,1,12863.647231273235,14183.282508145932,20.622124271102596,20.078062132136115,-0.07806213213611457,-0.10085031154173253,9.890471951593167,2.3098376384930996
1322,20.0,9.986651323090474,1,12873.660579950145,14194.294521955151,20.1490998825373,19.249824991538286,0.7501750084617136,-0.10110740972668338,9.900089888742897,2.0856077244271214
1323,20.0,9.06226939279609,1,12884.598310557349,14206.138479501635,21.731938937079182,21.786746278526667,-1.7867462785266675,-0.10100918387994343,9.816307839148218,1.9270094449954915
1324,20.0,10.137262017357363,1,12894.461048539992,14217.014943686014,19.143583438191897,17.83523727723885,2.16476272276115,-0.10187129584627738,9.848403256969132,2.362719732436355
1325,20.0,10.580479763755006,1,12903.880568776236,14227.492511898634,18.502224462144188,19.3430944229917,0.656905577008299,-0.10153930275878571,9.921610907647718,1.7477603348001955
1326,20.0,10.175760294098374,1,12913.704808482138,14238.334327633946,19.135626148145487,20.69767761545878,-0.6976776154587796,-0.10079008432281757,9.947025846292785,1.832336480876685
1327,20.0,9.046661461492764,1,12924.658147020646,14250.192332318602,21.54942214033087,22.261177562084974,-2.261177562084974,-0.10053256274313349,9.856989407812783,2.0379341187739826
1328,20.0,9.925714423402205,1,12934.732432597244,14261.25918933754,19.88226874002068,18.204397117860974,1.7956028821390255,-0.10145085468057685,9.863861909371725,2.423682509694666
1329,20.0,10.445217341787695,1,12944.287215255456,14271.858493729931,19.10239172133645,19.02733384950213,0.9726661504978686,-0.10138017028096195,9.921997452613322,1.8359659393240255
1330,20.0,8.873206740420455,1,12955.414008515036,14283.872607663552,21.98117775043624,22.876071576390874,-2.876071576390874,-0.1007861577042245,9.817118381394037,1.820228328450502
1331,20.0,9.355140391709371,1,12966.058868123326,14295.452981311013,20.9389370676086,19.50630362352591,0.4936963764740909,-0.10186288492713473,9.77092058242557,2.4980670491674832
1332,20.0,10.525926162448911,1,12975.532941960877,14305.979647764809,18.505321503161042,17.290671807052668,2.709328192947332,-0.10234450188845526,9.846421140427903,2.1105631441466106
1333,20.0,10.162057260518372,1,12985.370884700358,14316.833796230343,19.193149699542627,20.890724232501906,-0.8907242325019062,-0.10155974295007071,9.87798475243695,1.613841287656176
1334,20.0,10.247182949276052,1,12995.123701751083,14327.611331575994,18.86938196163621,19.740341905070768,0.2596580949292324,-0.1012352240929806,9.91490457212086,2.0640191974834785
1335,20.0,11.115696884573987,1,13004.00800486651,14337.607204379878,17.658894492407445,18.36716550739534,1.6328344926046583,-0.10085825765906425,10.034983803366174,1.9227923016987303
1336,20.0,10.281131667103722,1,13013.726873199406,14348.354185879485,19.754230766651588,21.683351668351676,-1.6833516683516763,-0.099651381566212,10.059598589739927,1.6227604488741687
1337,20.0,10.394732806259908,1,13023.332140393146,14358.998926353852,19.625377980112265,19.62867117595549,0.37132882404451095,-0.0994075450505479,10.093112011391925,2.1217169217773866
1338,20.0,11.626447316330996,1,13031.705693076816,14368.535123769154,17.856605438581177,17.777245335505842,2.2227546644941576,-0.09907746975078816,10.246445541885832,1.879458552205902
1339,20.0,9.871717265145705,1,13041.83397581167,14379.650578230523,21.466800283545943,23.19290224689658,-3.1929022468965798,-0.09759481918994833,10.208972714211818,1.4773866285760155
1340,20.0,9.521270341828902,1,13052.312705469842,14391.081434922877,21.981282020142647,20.992091174426196,-0.9920911744261964,-0.09795304855775637,10.140202476973526,2.3317068285455194
1341,20.0,10.25667783894828,1,13062.056027630893,14401.850424867824,20.673130618163828,18.330339612147792,1.6696603878522076,-0.09861736018297565,10.151850013171002,2.2094631339812207
1342,20.0,10.263394617633336,1,13071.79263301326,14412.613369711953,20.390589893626075,20.07361421166652,-0.07361421166651994,-0.09850421338993394,10.163004473617235,1.7788193946196666
1343,20.0,9.683970764832274,1,13082.108662248427,14423.897796023604,21.118841769878184,21.0892527703424,-1.0892527703424015,-0.098396099558547,10.115101102738738,1.9603902058716023
1344,20.0,9.38056178826709,1,13092.728100460161,14435.455290414164,21.502359017292147,20.736811974160396,-0.7368119741603962,-0.09886208648267912,10.041647171291574,2.1696398633222787
1345,20.0,11.385906653254047,1,13101.342193806908,14445.207974426236,16.973826522139333,15.599332987824113,4.400667012175887,-0.09958525558027331,10.176073119487821,2.207771392465447
1346,20.0,10.196106082232813,1,13111.146087724675,14456.031478952225,19.93707023956779,22.736220053459697,-2.7362200534596965,-0.09826973413594454,10.178076415762321,1.2615711165244727
1347,20.0,9.560628771158754,1,13121.585458953517,14467.426913058183,20.706185010101382,21.281265453148308,-1.2812654531483076,-0.09825039223043618,10.116331651301966,2.2440945165692314
1348,20.0,10.54955818136776,1,13131.035900772149,14477.932310694952,19.198146582700105,17.80583764115179,2.19416235884821,-0.09885006091820848,10.159654304308546,2.2252522246341986
1349,20.0,9.9345129090632,1,13141.101387863086,14488.991249076795,20.609273710186724,21.29724791050124,-1.297247910501241,-0.09842854589805443,10.137140164784011,1.6617412329888723
1350,20.0,9.848271132209302,1,13151.253116730877,14500.127805057806,20.523472324816918,20.233252804809506,-0.2332528048095064,-0.0986471513409627,10.10825326152654,2.138852070877781
1351,20.0,10.337363723148696,1,13160.915753007728,14510.824177706972,19.644952648614723,18.984511799969837,1.0154882000301626,-0.09892906065246142,10.131164307688756,2.055528041182964
1352,20.0,9.224870639060986,1,13171.690882368668,14522.521794131817,21.784638408561648,22.09912561234976,-2.0991256123497593,-0.09870533826413996,10.04053494082598,1.8304198344117772
1353,20.0,10.211576322350304,1,13181.479306046318,14533.331375441701,19.430605250080536,18.092257706540238,1.907742293459762,-0.0995962870398353,10.057639078978411,2.350946332670026
1354,20.0,11.147772884639052,1,13190.33153316168,14543.298379845526,17.92522439897177,18.46572714836752,1.5342728516324797,-0.09942691243416277,10.166652459544476,1.7605786161303012
1355,20.0,10.279706597318386,1,13200.05182656436,14554.04664390794,19.565678118821218,21.534914015514527,-1.534914015514527,-0.09836079318922697,10.177957873321867,1.6470132656577616
1356,20.0,9.774272737729921,1,13210.27755382663,14565.249798443981,20.57900101418267,20.962614997422556,-0.9626149974225555,-0.09825153655048696,10.137589359762673,2.1047396128696425
1357,20.0,9.695736831743055,1,13220.581816994887,14576.523635295413,21.059456507907516,20.18984079662469,-0.18984079662469,-0.09864278030131322,10.093404106960712,2.1424647307659477
1358,20.0,9.753796015992934,1,13230.828020978894,14587.745218881018,20.912357431804487,19.86297172206694,0.13702827793305872,-0.09907460252288623,10.059443297863934,2.08399571215438
1359,20.0,9.847622393171331,1,13240.980398585722,14598.882358727164,20.519673195161644,19.79660008589189,0.2033999141081111,-0.09940907964681747,10.038261207394674,2.0376869497036916
1360,20.0,9.773316080345037,1,13251.207082505376,14610.086374254854,20.42595867171432,20.144540024358612,-0.14454002435861213,-0.09961884626625885,10.011766694689712,2.01078732131208
1361,20.0,10.54978686464474,1,13260.65729564073,14620.591566076673,18.602206864588137,18.411785705596934,1.5882142944030662,-0.09988247134548238,10.065568711685216,2.0600183300000268
1362,20.0,8.96007453807461,1,13271.697221102657,14632.527498992406,21.81492076804111,22.920210564733203,-2.9202105647332033,-0.09934858413306447,9.955019294324154,1.7289560566750204
1363,20.0,10.517200030247281,1,13281.18002107241,14643.062018965184,18.281962197121757,16.909712310944393,3.0902876890556072,-0.10045183946254621,10.011237367916468,2.4731390654340584
1364,20.0,9.772188084914463,1,13291.407832987496,14654.26704968876,20.48219618233862,21.631801649547977,-1.6318016495479775,-0.09988775245752857,9.987332439616269,1.563407348348243
1365,20.0,10.226168671417224,1,13301.181664316078,14665.063497884485,19.07251716821788,19.144421779822103,0.8555782201778968,-0.10012683627445386,10.011216062796365,2.1990034188052756
1366,20.0,9.323807253879481,1,13311.8578570622,14676.672071355993,21.338962417199095,21.757353710512096,-1.7573537105120955,-0.09988796503116094,9.942475181904676,1.8648034644941354
1367,20.0,10.797178640109662,1,13321.060678422089,14686.954610579895,17.98493208216894,16.893083921557352,3.106916078442648,-0.10057857643135,10.027945527725175,2.302848792052792
1368,20.0,10.747380976103123,1,13330.313297445986,14697.281967701401,18.93947950623447,20.70112241205231,-0.7011224120523103,-0.09972132349893693,10.09988907256297,1.5065960298148897
1369,20.0,10.575754315450045,1,13339.737543130535,14707.763788817496,18.967132926550242,20.006288581042625,-0.0062885810426251965,-0.09901098841932507,10.147475596851677,1.9568187018846261
1370,20.0,9.091147134523876,1,13350.646395996011,14719.581756396425,22.232359764855605,22.842611551324133,-2.842611551324133,-0.09854667699917966,10.041842750618898,1.8879550375484484
1371,20.0,10.497472642639632,1,13360.148923353372,14730.13403101805,19.298123421945565,17.074843165023015,2.9251568349769848,-0.0995833160142214,10.087405739820971,2.4546640189977866
1372,20.0,10.242913052581425,1,13369.90601030079,14740.915409270727,20.35930567838045,20.81005906781101,-0.8100590678110109,-0.09913351616782967,10.102956471097016,1.5879060979740465
1373,20.0,9.03683725172046,1,13380.86917304907,14752.782255744178,22.207622313357106,22.360379063247297,-2.360379063247297,-0.09898092730190852,9.99634454915936,2.0416080859540995
1374,20.0,9.985421569737511,1,13390.883751479332,14763.795376331414,20.132408922248917,18.068201889321063,1.9317981106789368,-0.10003656787561356,9.995252251217174,2.4327643058704433
1375,20.0,10.218720693419957,1,13400.665030785913,14774.598527707336,19.681100180304327,19.569507113108163,0.4304928868918374,-0.1000475000396538,10.017599095437452,1.810275016923066
1376,20.0,10.333645164293891,1,13410.33138562162,14785.29824705947,19.06616956271735,19.75544643471056,0.24455356528943994,-0.09982431822964978,10.049203702323096,1.9174318803650845
1377,20.0,10.106356820169314,1,13420.22502880145,14796.202525921319,19.624821147556226,20.435223181906366,-0.4352231819063661,-0.09951037212717938,10.054919014107718,1.9116901962383437
1378,20.0,10.174738850108428,1,13430.050289951341,14807.045260956222,19.55816176215181,19.852210048970303,0.14778995102969716,-0.09945380948339154,10.066900997707789,2.0229524743739953
1379,20.0,10.884166835351857,1,13439.166123115989,14817.249510804406,18.419916338352657,18.628407088864098,1.3715929111359024,-0.0993354360222374,10.148627581472196,1.9499703818551488
1380,20.0,10.735620345946408,1,13448.430502770043,14827.587452493053,19.10342774902741,20.459019103354024,-0.4590191033540236,-0.0985354908308633,10.207326857919618,1.6924395051256194
1381,20.0,8.279767027730355,1,13460.150735742312,14840.135662168095,23.758902509654583,24.557972626630885,-4.557972626630885,-0.09796884276553995,10.014570874900693,1.9204702769374813
1382,20.0,9.80953686709739,1,13470.341198875216,14851.307078987707,20.725444097480654,17.233510412973903,2.766489587026097,-0.09985450325248373,9.994067474120364,2.785499721735813
1383,20.0,9.90120938347363,1,13480.439989491742,14862.395990542582,20.73611287094964,19.646583074109348,0.3534169258906523,-0.10005936047455151,9.98478166505569,1.7762403215327773
1384,20.0,8.948740856363818,1,13491.491248635379,14874.342123771854,21.921052860310525,21.90881822947425,-1.9088182294742495,-0.10015241530015193,9.881177584186503,1.9821520289104182
1385,20.0,10.056509834939387,1,13501.434738800439,14885.291264920408,19.186549976375833,17.757579424563684,2.2424205754363165,-0.10120251270459561,9.898710809261791,2.4015527455660397
1386,20.0,10.749254663446305,1,13510.685484136993,14895.616935723307,17.901518651661824,18.84004959579661,1.1599504042033892,-0.10102325638853331,9.983765194680243,1.7598922363517577
1387,20.0,9.348059284245647,1,13521.337424852747,14907.203682367486,20.489373236865678,22.462664866446993,-2.4626648664469926,-0.10016261205069614,9.920194603636784,1.7519555911407783
1388,20.0,10.201840563213924,1,13531.135584289534,14918.022025860593,18.830889978983365,18.36117610018161,1.6388238998183908,-0.10080447410108224,9.948359199594497,2.3624647549552176
1389,20.0,9.450505913622138,1,13541.685078375911,14929.516570538333,20.920327527991557,21.467614339011835,-1.4676143390118348,-0.10051908861923288,9.89857387099726,1.7875827935115174
1390,20.0,9.596852785792194,1,13552.088225590118,14940.87940303112,20.444695132518707,19.908362787951887,0.09163721204811281,-0.10102465395848503,9.868401762476754,2.246491848137721
1391,20.0,10.88643618050202,1,13561.201789409615,14951.08161046867,17.967457450208688,17.250632503737293,2.749367496262707,-0.10133353141360367,9.970205204279281,2.081280770725994
1392,20.0,9.674465307932905,1,13571.527324101682,14962.37459169153,20.52756630548271,22.35438058020047,-2.35438058020047,-0.10029883833993637,9.940631214644645,1.5397493762598058
1393,20.0,10.277327493406375,1,13581.249996608276,14973.124996947465,19.09262380082582,18.85045780811255,1.1495421918874484,-0.10059723355663665,9.974300842520819,2.28696835701376
1394,20.0,8.877269130363407,1,13592.372727477912,14985.135454730138,22.356665415684393,22.68205960120145,-2.6820596012014484,-0.10025765372315246,9.864597671305077,1.8213256767905626
1395,20.0,11.117390536836929,1,13601.255336941074,14995.129803246984,17.20799268254793,15.151251236746209,4.848748763253791,-0.10137260872877554,9.989876957858263,2.4763732346393024
1396,20.0,10.3615914677839,1,13610.893745473291,15005.804370925978,19.847934813082254,22.32436585496921,-2.3243658549692086,-0.10010133300124156,10.027048408850826,1.2379261836039523
1397,20.0,9.890500094409843,1,13621.00324537888,15016.90292084101,20.084436172844484,20.693375090393353,-0.6933750903933529,-0.09973024555434529,10.013393577406728,2.187047222900467
1398,20.0,10.345327905999937,1,13630.657917472881,15027.59212572561,19.72413433450103,19.038608045553936,0.9613919544460643,-0.09986624337390525,10.046587010266048,2.0931929119695076
1399,20.0,9.154108342631314,1,13641.50380913025,15039.353428217242,22.107641680611906,22.26807267490989,-2.2680726749098916,-0.09953629018274122,9.957339143502574,1.8320228189284697
1400,20.0,10.709518445051595,1,13650.794290685199,15049.714861616696,18.57380598096583,16.74998608411107,3.2500139158889283,-0.10042843631097233,10.032557073657477,2.38274827404491
1401,20.0,9.805609134702141,1,13660.988681550496,15060.889813395464,20.858628895159054,21.97300274691061,-1.973002746910609,-0.09967548578673963,10.009862279761943,1.5069928990851351
1402,20.0,9.877558290970939,1,13671.111123259525,15072.00001093359,20.142597645231053,19.98160253563779,0.018397464362209348,-0.09990147437111215,9.996631880882843,2.226400448719713
1403,20.0,9.705006631020709,1,13681.406116628505,15083.265504965671,20.781095571651893,20.3248874101294,-0.32488741012939926,-0.10003369253922012,9.967469355896629,2.02542006129892
1404,20.0,9.651609158352649,1,13691.754507470152,15094.579056723154,20.637924324733437,20.13040743472616,-0.130407434726159,-0.10032636813760683,9.935883336142231,2.092343322659997
1405,20.0,10.416802366977045,1,13701.337705103175,15105.203934592875,18.9582100510531,18.40074705856889,1.5992529414311107,-0.10064530411326934,9.983975239225712,2.0860202210463186
1406,20.0,10.153544110062533,1,13711.184160993113,15116.065744893818,19.564336960649094,20.60288184140332,-0.6028818414033204,-0.10016050481286581,10.000932126309394,1.752872201493391
1407,20.0,10.391048884841824,1,13720.793112108271,15126.71380089746,18.968190621785407,19.474053008586626,0.5259469914133739,-0.09999067960568454,10.039943802162638,2.0333682448206787
1408,20.0,9.994723186308658,1,13730.798388921963,15137.718550029782,20.094601179932173,20.802911525670705,-0.8029115256707051,-0.09960215113799707,10.035421740577238,1.8680999098096795
1409,20.0,10.307919886646308,1,13740.490469035316,15148.4414221318,19.490499511623494,19.352197112082155,0.6478028879178446,-0.09964703286525554,10.062671555184144,2.0809935127044885
1410,20.0,9.748690753644977,1,13750.74177828167,15159.66760045352,20.87343076369594,21.107081314865503,-1.1070813148655034,-0.09937718770964102,10.031273475030227,1.8715452421541743
1411,20.0,11.33783910484573,1,13759.403939176824,15169.46354525916,17.454744288115766,16.646865206119323,3.3531347938806775,-0.09968824023083338,10.161930038011777,2.1573966505038884
1412,20.0,9.059241750141702,1,13770.344697426683,15181.31022768403,22.31739587035009,24.132385439252257,-4.132385439252257,-0.09840650312090263,10.051661209224768,1.3814047700704442
1413,20.0,10.756562394137791,1,13779.588135032545,15191.629321529306,18.414702444298214,16.799191633045695,3.2008083669543055,-0.09948604307139444,10.122151327716072,2.541071469180791
1414,20.0,10.820744470432583,1,13788.767390562112,15201.890651505917,19.525914131065782,20.659684442604767,-0.6596844426047674,-0.0987932276078347,10.192010641987723,1.4915338990345566
1415,20.0,9.488704716420644,1,13799.278685845691,15213.350817261138,21.460433474868335,22.229689552833868,-2.229689552833868,-0.09811606709674436,10.121680049431015,1.9423088230237517
1416,20.0,11.337564166333584,1,13807.941121679358,15223.147009511438,17.765875099452355,15.931100451525499,4.068899548474501,-0.09879782754605194,10.243268461121271,2.319597817968776
1417,20.0,10.59729416976719,1,13817.34382750959,15233.609444758647,20.066650079114797,22.233968181295207,-2.2339681812952072,-0.09762508947173838,10.278671031985864,1.2925122253666002
1418,20.0,10.582683404093746,1,13826.761144105496,15244.085029694963,19.519088787456205,19.58555284806089,0.4144471519391111,-0.09728884180533966,10.309072269196651,2.140139175331763
1419,20.0,10.016813312215525,1,13836.74433079328,15255.06989771397,21.14188703967033,21.20374416873654,-1.2037441687365416,-0.09700193905789026,10.27984637349854,1.8350954646332172
1420,20.0,9.869664305068794,1,13846.874666488213,15266.187199839407,21.22706362673601,20.339154573764,-0.3391545737639987,-0.09727771833030517,10.238828166655566,2.114012082888883
1421,20.0,9.874354703776236,1,13857.000311784437,15277.300280606009,21.188273455762097,19.991294227068625,0.008705772931374867,-0.09766742675266933,10.202380820367631,2.0606774778825567
1422,20.0,10.234318357791711,1,13866.765993426645,15288.089394083996,20.105324909632586,19.266409264387278,0.7335907356127223,-0.09801633732428801,10.20557457411004,2.025038135236709
1423,20.0,10.840711765020338,1,13875.925281661624,15298.332753495477,18.728421108118877,18.878626691802797,1.121373308197203,-0.09798566388773886,10.26908829320107,1.8806682637176668
1424,20.0,10.108788530716852,1,13885.816493130907,15309.234843817832,20.144581974387687,21.36321886759171,-1.3632188675917085,-0.09737962820536632,10.253058316952648,1.7326910906275534
1425,20.0,9.453133826117625,1,13896.36335930479,15320.727023374326,21.326856074513802,21.378276800902213,-1.3782768009022135,-0.09753187479160012,10.173065867869145,2.1141076001139463
1426,20.0,10.494656237430988,1,13905.86870306736,15331.281832760638,19.260693514653674,17.753794698012275,2.2462053019877253,-0.098298783571079,10.205224904825329,2.2510963263979225
1427,20.0,10.552690447836875,1,13915.316012619522,15341.784411357585,19.40938508901774,20.146159433731512,-0.14615943373151197,-0.09798902124412474,10.239971459126483,1.6685446570537876
1428,20.0,10.392795717068672,1,13924.923216902453,15352.430895212223,19.482192172561607,20.170639111405805,-0.170639111405805,-0.09765652218773904,10.255253884920702,1.9220545526088602
1429,20.0,10.44729934391499,1,13934.475917558537,15363.0283258027,19.579198888957126,19.890950600750617,0.10904939924938262,-0.09751099399600408,10.27445843082013,1.9411417097440644
1430,20.0,9.837443121905315,1,13944.638474436631,15374.174626992984,20.895431132875576,21.174632497372162,-1.174632497372162,-0.09732873092369675,10.230756899928648,1.9025592190416118
1431,20.0,9.442606499721652,1,13955.195867936909,15385.676281143235,21.669784431201684,20.913242224948732,-0.913242224948732,-0.09774447871075641,10.151941859907948,2.145741249836122
1432,20.0,9.479083941615531,1,13965.716783995293,15397.14510559578,21.52064684890815,19.96864115347678,0.03135884652321863,-0.09850332220175534,10.084656068078706,2.209559615726152
1433,20.0,9.018722050925286,1,13976.698061944368,15409.028255749949,22.192646159820097,20.921190835935953,-0.9211908359359526,-0.0991605458083328,9.978062666363364,2.1119899482417948
1434,20.0,10.14216916692757,1,13986.55589277744,15419.900303499713,19.18027143515814,17.598598087371247,2.401401912628753,-0.10021985564102126,9.994473316419784,2.2995665290830445
1435,20.0,9.949930730064043,1,13996.605962047375,15430.945365842656,19.530194189704066,20.414726715619462,-0.4147267156194623,-0.10005529739692372,9.99001905778421,1.7270342716889626
1436,20.0,9.736007377282174,1,14006.869954670094,15442.1829592031,19.5636619331838,20.454341747986867,-0.45434174798686655,-0.10009990914089412,9.964617889734006,2.050161241065594
1437,20.0,8.226628705392958,1,14018.6433259647,15454.778993368247,22.83441100558094,23.1807393554431,-3.1807393554431016,-0.10035507744157902,9.7908189712999,2.099718245606499
1438,20.0,9.251609518183498,1,14029.391716446517,15466.452544801881,20.66824434516098,18.227042842428688,1.7729571575713123,-0.10213650185253427,9.73689802598826,2.6972275974217657
1439,20.0,10.6725043908419,1,14038.719212055674,15476.847290850124,17.54697193038468,16.671022639943626,3.328977360056374,-0.10270211286294165,9.830458662473625,2.019771500022275
1440,20.0,9.60122439996212,1,14049.11798765571,15488.206188890159,19.584444792142577,22.024062828107226,-2.024062828107226,-0.10172465337933392,9.807535236222474,1.5255304117143842
1441,20.0,10.216355006594105,1,14058.901632649116,15499.011469384224,18.19137748773025,18.861412302877305,1.138587697122695,-0.1019624172551192,9.848417213259637,2.26721276916079
1442,20.0,9.165588742014846,1,14069.736043907102,15510.762439516411,20.954726230983045,22.03947292786361,-2.03947292786361,-0.1015391588664245,9.780134366135158,1.8353364795762999
1443,20.0,10.863223289415538,1,14078.872820617686,15520.985538555937,17.360121663932734,16.384072876396996,3.6159271236030044,-0.10224808397956323,9.888443258463196,2.3616747412771746
1444,20.0,9.913583403967195,1,14088.959237213718,15532.063313492366,20.190130689440796,22.203061536658005,-2.203061536658005,-0.1011281527195024,9.890957273013596,1.4304627057521975
1445,20.0,10.174024237890121,1,14098.785212975827,15542.906691678265,19.332231961346796,19.463135696704995,0.5368643032950047,-0.10110244867080677,9.919263969501248,2.235096487706893
1446,20.0,11.395467875129011,1,14107.389745100698,15552.65077059065,17.67448062310947,17.73220064168166,2.2677993583183387,-0.10081393166616989,10.066884360064025,1.9069805025252033
1447,20.0,10.909864060353643,1,14116.479881040344,15562.831892936332,19.05088604427318,21.273429309835308,-1.2734293098353078,-0.09933560019493858,10.151182330092986,1.508613786642621
1448,20.0,9.816060627227765,1,14126.663820413116,15573.997438371827,21.10008003734431,21.75730388929956,-1.7573038892995605,-0.09851069239841344,10.117670159806464,1.9881830564902956
1449,20.0,9.644067889077785,1,14137.019752524038,15585.317777271657,21.73118767406196,20.44143407349108,-0.4414340734910809,-0.09883698363409868,10.070309932733595,2.2102571301835594
1450,20.0,9.80467299308828,1,14147.21507953095,15596.493571577877,21.406398571792597,19.630963181453552,0.3690368185464479,-0.09930180964435809,10.043746238769064,2.1225053509390563
1451,20.0,10.305938949085922,1,14156.909140581864,15607.2182265237,20.022272595645394,18.970489519859207,1.029510480140793,-0.09956444301031618,10.069965509800749,2.0047153164464273
1452,20.0,9.936865519449478,1,14166.972275062413,15618.275047556197,20.50184097006345,20.722109713742974,-0.7221097137429737,-0.09930520606319203,10.056655510765621,1.8364321999123956
1453,20.0,9.762853512997918,1,14177.209421549416,15629.488479394498,20.50803784141084,20.38219651539095,-0.3821965153909517,-0.09943663665614308,10.02727531098885,2.083398380532104
1454,20.0,10.880308750425426,1,14186.32911279899,15639.696201519115,18.158543757990472,17.66930446634091,2.330695533659089,-0.09972798880909393,10.11257865493251,2.087522750506685
1455,20.0,9.931474064933298,1,14196.397638734057,15650.757874860676,20.29133995837507,21.920383584093987,-1.9203835840939867,-0.09888674631096592,10.094468195932588,1.5857586476366334
1456,20.0,11.379753455822392,1,14205.017885278236,15660.516096750436,17.121407607663492,16.872320131377755,3.127679868622245,-0.09906415876399856,10.22299672192157,2.201107743674404
1457,20.0,10.054445538251304,1,14214.963439739984,15671.46709576601,20.656163739259426,22.893062496723346,-2.8930624967233456,-0.09781867559985234,10.206141603554544,1.390355895953833
1458,20.0,11.071191036534836,1,14223.892248703449,15681.503023833127,18.279668373269736,17.696215955359264,2.303784044640736,-0.09798022003258558,10.292646546852573,2.275893032485367
1459,20.0,10.214391653626375,1,14233.677857049823,15692.310071344864,20.947490326408936,22.043884150112532,-2.0438841501125324,-0.0971567415093831,10.284821057529953,1.5323802274303577
1460,20.0,10.577776343949669,1,14243.100080705874,15702.79007263531,19.79660798008283,19.133740020462884,0.8662599795371158,-0.09723066589164014,10.314116586171926,2.165875263826495
1461,20.0,9.565233369089365,1,14253.534847336785,15714.181362603129,22.174815025914956,22.00362137173555,-2.0036213717355515,-0.09695449839501466,10.23922826446367,1.7908730490658338
1462,20.0,9.487744466447554,1,14264.047102870338,15725.642392583326,21.94044496940585,20.43283507132875,-0.4328350713287499,-0.0976636103983155,10.164079884662058,2.27354208122802
1463,20.0,10.275823573008992,1,14273.771279297329,15736.394151367618,20.120630414936468,18.246836396871405,1.7531636031285949,-0.09838568875368973,10.175254253496751,2.159048227796771
1464,20.0,10.59313194547919,1,14283.17814735185,15746.860332616687,19.177639882094503,19.516573468621537,0.4834265313784627,-0.0982776425126033,10.217042022694995,1.768151574496657
1465,20.0,10.024153901200277,1,14293.153993450649,15757.838594105606,20.04547864278151,20.99384587729506,-0.9938458772950582,-0.0978756863071241,10.197753210545525,1.8478095781339308
1466,20.0,9.228163998949782,1,14303.925829451699,15769.533246506551,21.565189161305575,21.67935255143127,-1.6793525514312684,-0.0980608158830415,10.10079428938595,2.092994156590833
1467,20.0,9.183844980226404,1,14314.741984471471,15781.267786024348,21.715494294092082,20.301158910737087,-0.30115891073708667,-0.09900211521492061,10.009099358469996,2.3278042787877236
1468,20.0,9.143718158688255,1,14325.598266312783,15793.038439681528,21.64304501223448,20.00143320104712,-0.0014332010471207468,-0.09990908913835193,9.922561238491822,2.220073427175946
1469,20.0,8.939426732236372,1,14336.658839580547,15804.992955622516,21.660346924458352,20.42189586232069,-0.42189586232068876,-0.1007804311774643,9.824247787866277,2.1902452948264424
1470,20.0,10.065691215668252,1,14346.593148364878,15815.933833528416,18.629295294221226,17.520073814826446,2.4799261851735537,-0.10178896355149746,9.848392130646474,2.275235903506087
1471,20.0,10.675026353024816,1,14355.918122011853,15826.326309810693,17.39700995566585,19.017654432247667,0.9823455677523327,-0.10153941747386103,9.931055552884308,1.7332434385359656
1472,20.0,9.991950527845114,1,14365.926171484009,15837.333554335632,18.744486019967223,21.191165685061865,-1.1911656850618648,-0.10069423080707336,9.937145050380389,1.7840849689465288
1473,20.0,8.643751145597289,1,14377.282420338412,15849.554178304594,21.731243161475387,22.855123609084202,-2.8551236090842025,-0.10063252523034476,9.80780565990208,2.1213061050834576
1474,20.0,9.885543723799271,1,14387.396876614612,15860.657188953175,19.51711246462121,17.362192749206343,2.6378072507936565,-0.10195960591759767,9.8155794662918,2.5788091755139457
1475,20.0,9.902320602020435,1,14397.49455601259,15871.745100411357,19.863877364974293,19.926391548338025,0.0736084516619755,-0.10187885528655266,9.824253579864664,1.7607793063487338
1476,20.0,11.257599250135264,1,14406.236956762456,15881.613261086235,16.73644570472739,17.301919329605937,2.698080670394063,-0.10178890354067752,9.967588146891723,2.0097066626759026
1477,20.0,9.125717252248267,1,14417.111239510206,15893.400115559212,21.371380919159392,23.827122209800066,-3.8271222098000663,-0.1003251724753333,9.883401057427376,1.4765740321930465
1478,20.0,9.765593438440483,1,14427.345646071766,15904.611081464616,20.069009087200442,19.253748797014058,0.7462512029859418,-0.10117974512918304,9.871620295528686,2.516321569978266
1479,20.0,11.02351160832674,1,14436.32213446344,15914.689921017121,18.242016394887425,17.38984138526981,2.6101586147301887,-0.10130049273197292,9.986809426808492,1.9833886141353618
1480,20.0,10.269987004807929,1,14446.052147458633,15925.446932712794,19.776030954524003,21.618866661859446,-1.618866661859446,-0.10013207995294372,10.015127184608435,1.5356372618609089
1481,20.0,10.337987844109854,1,14455.714159614523,15936.142743653094,19.531506455510645,19.700451573513774,0.2995484264862256,-0.09984895663999471,10.047413250558577,2.1201819366458095
1482,20.0,10.068750662214327,1,14465.645408952309,15947.0808680571,20.473921150597565,20.584657183150487,-0.5846571831504868,-0.09952810490246392,10.049546991724153,1.8985269405965535
1483,20.0,10.197966123194359,1,14475.447442829114,15957.902698546226,20.15998920472894,19.72854204147853,0.27145795852147003,-0.09950697288380307,10.064388904871173,2.0451249680303007
1484,20.0,10.466565718167121,1,14484.980877110947,15968.482789399875,19.73735071270561,19.50147122290661,0.49852877709339083,-0.09936023035795041,10.104606586200768,1.9325413285719129
1485,20.0,9.51430820866434,1,14495.466568902282,15979.919912012077,21.52980761166867,21.80012492664865,-1.8001249266486496,-0.09896476339471125,10.045576748447127,1.8604974642442185
1486,20.0,10.52683514734492,1,14504.939733754938,15990.445760379467,19.208632241281045,17.908855569308297,2.0911444306917026,-0.09954630033109675,10.093702588336907,2.2695586112000825
1487,20.0,9.176198189868677,1,14515.76353556507,16002.187182008585,22.10863124755572,22.55470396247705,-2.554703962477049,-0.09907167278293717,10.001952148490084,1.6732584986866974
1488,20.0,10.197020783698923,1,14525.56651478137,16013.009863303256,19.474311101327118,18.15054251504207,1.8494574849579308,-0.0999804823252391,10.021459012010968,2.3932638723702278
1489,20.0,10.107244577971796,1,14535.459270203399,16023.913343183081,20.04807114232584,20.277922095777676,-0.2779220957776758,-0.09978586938303845,10.030037568607051,1.7682980046032348
1490,20.0,9.630224147084736,1,14545.829046056315,16035.246141450705,20.547737761496798,20.93325805750498,-0.9332580575049789,-0.09970052386741735,9.990056226454818,2.0087449412201606
1491,20.0,9.986388834804613,1,14555.84265722151,16046.258391499381,19.852562695171798,19.285790576862176,0.7142094231378238,-0.10009953671250467,9.989689487289798,2.167697236582351
1492,20.0,9.626475908400668,1,14566.21618131311,16057.594563181821,20.61085587075809,20.692677546331655,-0.6926775463316552,-0.10010321154349512,9.953368129400886,1.9314558315473476
1493,20.0,9.356979203882954,1,14576.859202109226,16069.173281898327,21.00315655924063,20.6524908024071,-0.652490802407101,-0.1004685034251006,9.893729236849092,2.141736804930408
1494,20.0,9.787831155031814,1,14587.071370954194,16080.364233858798,20.02009850936292,19.083359852881667,0.9166401471183327,-0.10107412241235694,9.883139428667363,2.203668065773385
1495,20.0,9.337606818777003,1,14597.733764135417,16091.960387721898,20.850109694274483,20.837609839620704,-0.8376098396207041,-0.10118242358287152,9.828586167678328,1.9540070991820486
1496,20.0,10.193678478455949,1,14607.540085656961,16102.786077091287,18.74305097009261,18.262140027563373,1.7378599724366275,-0.10174403346928344,9.865095398756091,2.214653901412522
1497,20.0,9.309948703508582,1,14618.230136953453,16114.407123258128,20.725562349315098,21.681638930024867,-1.6816389300248673,-0.10136749413757234,9.80958072923134,1.7809444096388973
1498,20.0,10.42718621379463,1,14627.802950739659,16125.022655665713,18.122388199984286,17.758310816113173,2.2416891838868267,-0.10194115605982255,9.87134127768767,2.294322516486985
1499,20.0,9.291112559242707,1,14638.511838180417,16136.660654362395,20.929489074267725,22.196635053857253,-2.1966350538572534,-0.10130335603534588,9.813318405843173,1.6748990675799442
1500,20.0,9.660223050651396,1,14648.851615129766,16147.96645361681,19.976282327294626,19.566850414446243,0.4331495855537568,-0.10190232892112897,9.798008870323995,2.342573719132196
1501,20.0,9.625237955070892,1,14659.226377174695,16159.303739457246,20.42604938968358,19.975762975868435,0.024237024131565477,-0.10206155283537037,9.780731778798685,2.035387335879481
1502,20.0,10.795088037324904,1,14668.43128913737,16169.588160223653,17.74320924706054,17.58890342237522,2.411096577624779,-0.10224183860840161,9.882167404651309,2.073800554112093
1503,20.0,10.198173967369955,1,14678.23311517,16180.40980365302,19.42241246001358,21.362282803881687,-1.362282803881687,-0.10119237602970813,9.913768060923173,1.5911300072358228
1504,20.0,9.872959718473364,1,14688.360155451526,16191.524139906394,19.91798948732974,20.57100287388287,-0.5710028738828683,-0.10086982001744346,9.909687226678193,2.1058811666268733
1505,20.0,10.299231664641834,1,14698.060923786885,16202.254831408216,19.50883349527452,19.103553724040616,0.8964462759593843,-0.10091135846425782,9.948641670474556,2.084373849317507
1506,20.0,8.735684591602187,1,14709.325239195283,16214.392715275773,22.717148787847336,22.96418836035349,-2.9641883603534893,-0.10051623458987234,9.82734596258732,1.8475215301617307
1507,20.0,9.974119846215455,1,14719.351119349067,16225.41600741418,19.930285916974825,17.67768468651481,2.3223153134851913,-0.10175687350450441,9.842023350950132,2.535211533821032
1508,20.0,11.198508506682858,1,14728.152610842384,16235.337349758165,17.74091398082453,17.84958277203994,2.150417227960059,-0.10160512369679164,9.977671866523405,1.770602031747548
1509,20.0,10.079407903841604,1,14738.073202938542,16246.265882644708,19.766045273051823,22.002043244862513,-2.002043244862513,-0.10022378099596069,9.987845470255225,1.5722688949950514
1510,20.0,10.040747901501602,1,14748.03245503704,16257.229209533356,19.76255794082732,20.033259329727205,-0.0332593297272048,-0.1001216932098216,9.993135713379862,2.187962901832229
1511,20.0,10.328877027785317,1,14757.703578009256,16267.93322020835,19.680034541497317,19.43321552085292,0.5667844791470813,-0.10006869001699784,10.026709844820408,1.9944127278753432
1512,20.0,10.537363145988607,1,14767.166214863268,16278.44959337696,19.366476848905545,19.645302711222254,0.3546972887777464,-0.09973361306715976,10.077775174937226,1.8778808830521878
1513,20.0,8.801519984266085,1,14778.364694879001,16290.52822539112,22.78655052965662,23.24020584853628,-3.240205848536281,-0.0992282505455108,9.950149655870113,1.8638936106504695
1514,20.0,8.990604110925384,1,14789.374090768075,16302.436681691286,22.42884606933337,20.32290553257031,-0.32290553257031007,-0.10050100094826692,9.854195101375641,2.549027855438197
1515,20.0,10.126174774651687,1,14799.247915993423,16313.323124394099,19.762516446165492,17.133295397221165,2.866704602778835,-0.10147962260868983,9.881393068703245,2.2900661554250927
1516,20.0,9.571074062861495,1,14809.67684193056,16324.709157737523,20.507604893115058,21.044379625525448,-1.0443796255254476,-0.10120030577138371,9.850361168119068,1.680993759532727
1517,20.0,10.787215157331948,1,14818.889626773229,16335.000664095924,17.383386733344533,17.548458454345074,2.4515415456549263,-0.10151912025688196,9.944046567040356,2.1781266831607105
1518,20.0,9.810895366068866,1,14829.07873140716,16346.170858266461,19.873781342304927,22.02761245510618,-2.02761245510618,-0.10056268273265234,9.930731446943208,1.5820009713810606
1519,20.0,8.839281558572129,1,14840.239449848588,16358.215504863747,21.70824822098637,22.27984502260262,-2.2798450226026183,-0.10069751713080625,9.821586458106099,2.2340919113898616
1520,20.0,9.239191649893602,1,14851.000258198696,16369.900232378843,21.266898677268006,19.26094310835468,0.7390568916453191,-0.10181654504244221,9.763346977284849,2.4914411115731125
1521,20.0,8.350194388221654,1,14862.650063810474,16382.385057429445,23.094673470060545,21.609852664280847,-1.6098526642808473,-0.1024238923728281,9.62203171837853,2.1138538366210415
1522,20.0,9.859524677630253,1,14872.790539132844,16393.511485219577,19.103573068383948,16.802758046257377,3.1972419537426227,-0.10392815460064982,9.645781014303703,2.5160538087913062
1523,20.0,9.88696952364137,1,14882.903569609203,16404.6132126483,19.02709327756861,19.9565580992123,0.04344190078769827,-0.10367226858220217,9.66989986523747,1.703879020438269
1524,20.0,9.745322374130861,1,14893.158247235073,16415.84242251158,18.8081418881192,20.322008672002347,-0.3220086720023474,-0.10341368720837756,9.67744211612681,2.014766538593965
1525,20.0,10.647327423417844,1,14902.510919811655,16426.259827830505,17.28034298639294,18.126741680945184,1.8732583190548162,-0.10333309029392869,9.774430646855913,2.084585747052416
1526,20.0,10.719111901910017,1,14911.791807909745,16436.612627118786,17.827048241422418,20.189270430402686,-0.18927043040268643,-0.10230774928273335,9.868898772361323,1.6734102054990452
1527,20.0,9.897766945986334,1,14921.89404096376,16447.7046368674,19.747185965348244,21.39497924523058,-1.39497924523058,-0.10132842813228399,9.871785589723824,1.8988415556494207
1528,20.0,8.719183799513887,1,14933.174857164246,16459.857371447837,22.558588815250374,22.555245628423705,-2.5552456284237053,-0.10129879654608424,9.756525410702832,2.1607221558808325
1529,20.0,10.370368948295354,1,14942.80448821595,16470.52403939437,19.238967574979185,16.228508647764716,3.7714913522352838,-0.10249550510092537,9.817909764462085,2.5386499855423645
1530,20.0,10.333216137105145,1,14952.471272078845,16481.224144870976,19.73552600885229,20.50308693226095,-0.503086932260949,-0.10185467416085883,9.869440401726392,1.5218322646940439
1531,20.0,10.185634942094167,1,14962.28563713675,16492.05707342309,19.485292965920863,20.129124947947627,-0.12912494794762708,-0.1013228672848642,9.901059855763169,2.0002643036138927
1532,20.0,10.58888784958487,1,14971.696749287166,16502.527074358462,18.927234901058622,19.206439442750735,0.7935605572492648,-0.10099928841637333,9.969842655145339,1.975909633042072
1533,20.0,9.301103142123376,1,14982.395646145043,16514.156081530553,21.56336361544722,22.4268309539615,-2.426830953961499,-0.1003024856649979,9.902968703843142,1.8040449861045806
1534,20.0,11.205253231711083,1,14991.190392913333,16524.071353622014,17.4833360258259,15.85754976221433,4.1424502377856705,-0.100979820284792,10.033197156629935,2.3711450908182594
1535,20.0,9.42434334811488,1,15001.766049565218,16535.58944460871,21.70727116293368,23.593250536300104,-3.593250536300104,-0.09966912683851728,9.97231177577843,1.3013425734714363
1536,20.0,10.449533756320513,1,15011.316515808898,16546.184864228024,19.075432319509094,18.146176289581785,1.8538237104182151,-0.10027765100855372,10.020033973832637,2.4352353741454142
1537,20.0,8.987591383351988,1,15022.328924425547,16558.09603198301,22.629031639433254,22.81769331284193,-2.8176933128419286,-0.09980006081930504,9.916789714784572,1.7055162304255747
1538,20.0,9.44184118763797,1,15032.887083237909,16569.598374914134,21.25775957790532,19.620963267537977,0.37903673246202274,-0.10083908490155209,9.869294862069912,2.456801547951792
1539,20.0,10.909821188035203,1,15041.977262049873,16579.779535844904,18.19911994708999,16.724271830403485,3.2757281695965155,-0.10132436146408412,9.973347494666442,2.0987228885332496
1540,20.0,9.84346010619949,1,15052.133801943673,16590.920421749324,20.21529731732048,22.149990352166633,-2.1499903521666326,-0.1002672373077125,9.960358755819748,1.4806055310833077
1541,20.0,10.503953563079678,1,15061.629848380593,16601.46686354255,18.514248942852007,18.631301216811053,1.3686987831889468,-0.10039799012417189,10.014718236545741,2.239032093403513
1542,20.0,10.142173233231548,1,15071.487675147362,16612.338907632642,19.888113168623782,20.877483222429497,-0.8774832224294968,-0.09985303394266219,10.027463736214322,1.7504944538129084
1543,20.0,9.937025106399897,1,15081.550650040963,16623.395585036884,20.17358960844359,20.381170068458534,-0.38117006845853396,-0.09972611482886608,10.01841987323288,2.06262064697516
1544,20.0,10.818310194959613,1,15090.732339846003,16633.65910586142,18.689051536217427,18.192423624851106,1.8075763751488942,-0.09981613993557913,10.098408905405554,2.0510362564705753
1545,20.0,9.85800470520886,1,15100.874335140794,16644.786901626732,20.799548826974124,21.895510779411868,-1.8955107794118682,-0.09902550088506638,10.074368485385884,1.6531654561727007
1546,20.0,8.931557135461917,1,15111.942778005332,16656.748500204816,22.50961406665091,22.142246860906432,-2.1422468609064325,-0.09926180499061787,9.960087350393486,2.2116259929723716
1547,20.0,9.518055944828976,1,15122.424722060503,16668.18224985447,21.320309132954392,18.80984878976275,1.19015121023725,-0.10040072589930586,9.915884209837035,2.451382741012343
1548,20.0,10.330715037221017,1,15132.094007023283,16678.88460632097,19.310317993296405,18.167858895048223,1.832141104951777,-0.10084829338849599,9.957367292575434,1.998118215471295
1549,20.0,10.237305463817505,1,15141.856701559465,16689.671031403537,19.216684523265673,20.253386357600306,-0.2533863576003057,-0.10042815240386237,9.985361109699642,1.7499206798863645
1550,20.0,9.059765049858736,1,15152.796936509607,16701.517242858663,21.35511410040401,22.280178627609452,-2.280178627609452,-0.1001466035142799,9.892801503715553,1.9838492092320983
1551,20.0,9.565394488355079,1,15163.231542021253,16712.908387819145,20.351234380911965,19.160456553833644,0.8395434461663562,-0.10108360100265011,9.860060802179508,2.417017102841057
1552,20.0,9.650967190478653,1,15173.580574830774,16724.222517347713,20.29403305286924,19.666477322110435,0.33352267788956524,-0.10141925288928806,9.839151441009422,2.019899026385186
1553,20.0,9.780718243531465,1,15183.799856587242,16735.419870928534,19.732081568998474,19.747031346993456,0.25296865300654403,-0.10163478080355755,9.833308121261625,2.0366035989525435
1554,20.0,9.17445184683907,1,15194.625404740404,16747.162864266378,20.946150734102762,21.224424914692015,-1.2244249146920154,-0.10169517599451555,9.76742249381937,2.0189333097522493
1555,20.0,9.622977335128313,1,15205.002427405276,16758.50218466476,19.867455162011176,19.168265399027263,0.8317346009727373,-0.10238115537981285,9.752977977950263,2.2920307039641026
1556,20.0,9.562833708844284,1,15215.439593696432,16769.8956343268,20.067533276781088,20.031747159414397,-0.03174715941439743,-0.10253278560259452,9.733963551039665,2.00113468687783
1557,20.0,10.462919955857151,1,15224.976673740575,16780.479006366528,17.979112709825518,18.156456416951176,1.8435435830488238,-0.10273307422578051,9.806859191521413,2.0907443462011206
1558,20.0,10.485472786594146,1,15234.49120095398,16791.04208085859,18.382074118021283,20.171457315683647,-0.17145731568364653,-0.10196944612649857,9.874720551028688,1.715230153881249
1559,20.0,9.912513725146711,1,15244.578687228834,16802.12081850596,19.583459853221754,20.99972893876574,-0.9997289387657418,-0.10126868854995863,9.87849986844049,1.9340935012560754
1560,20.0,9.764776122477562,1,15254.813911106356,16813.33251999573,20.268584840656345,20.316730391539412,-0.3167303915394122,-0.10122994516553747,9.867127493844198,2.118123169215942
1561,20.0,10.083954587223468,1,15264.729956519132,16824.256960867227,19.896167069085916,19.32271473183101,0.6772852681689905,-0.10134661791122794,9.888810203182125,2.0819228684655275
1562,20.0,9.510054935526655,1,15275.219901583605,16835.697911425254,21.14416850354855,21.120172528964403,-1.1201725289644031,-0.10112440015060756,9.850934676416578,1.914031236020255
1563,20.0,9.311900750699536,1,15285.908000832906,16847.317200749625,21.40609444496788,20.564251027775768,-0.564251027775768,-0.10151320994890249,9.797031283844873,2.207489324845351
1564,20.0,9.43586727464457,1,15296.472133558262,16858.824920202445,21.03266389979731,19.715784780331255,0.2842152196687451,-0.10207173694024861,9.760914882924842,2.2094912572018806
1565,20.0,9.619112101617127,1,15306.853021456645,16870.16771931099,20.321297298031574,19.558676135940786,0.4413238640592141,-0.10244941298989707,9.74673460479407,2.0955269500395715
1566,20.0,9.301915720124637,1,15317.55110573652,16881.795995162876,20.69621960736754,20.63358503711433,-0.6335850371143295,-0.10259846405463176,9.702252716327127,2.0345369349973943
1567,20.0,10.097235735437724,1,15327.453870001082,16892.70848300098,18.716848408334037,18.345646569565883,1.6543534304341172,-0.10306884692017781,9.741751018238187,2.207330704316001
1568,20.0,10.437829404270225,1,15337.01604059681,16903.314436537137,18.23227857664262,19.46657850478187,0.5334214952181284,-0.10265095034022455,9.811358856841391,1.8087159057284834
1569,20.0,9.047741019521055,1,15347.96829957729,16915.171469619567,20.970103207245828,22.57950053917015,-2.5795005391701515,-0.10192268110779651,9.734997073109357,1.866441350296921
1570,20.0,10.01507722672962,1,15357.95322235056,16926.15790011551,19.143158651394224,18.115616913430628,1.8843830865693718,-0.10272216750452501,9.763005088471383,2.442705440198398
1571,20.0,9.868038522840198,1,15368.08518382772,16937.276665444955,19.963081516718216,20.32053895142769,-0.3205389514276895,-0.1024274791355837,9.773508431908263,1.8033044683414143
1572,20.0,10.204905211322082,1,15377.880278616398,16948.092250754766,19.055462839149666,19.333198397430316,0.6668016025696843,-0.10231740290264951,9.816648109849645,2.0565933851803404
1573,20.0,9.992236739137848,1,15387.88804187726,16959.09923768954,19.801430738749723,20.44853303592746,-0.4485330359274613,-0.10186776472069307,9.834206972778464,1.8899337410146533
1574,20.0,9.12784043204102,1,15398.760201445219,16970.884181300706,21.52291494551476,21.76314373247,-1.7631437324699988,-0.10168588100372972,9.76357031870472,2.0470766817819293
1575,20.0,9.242566420685701,1,15409.517635024533,16982.56587152209,21.377854817978246,19.958805054943923,0.041194945056076904,-0.10242154942892495,9.711469928902819,2.359121664381658
1576,20.0,10.017654145350983,1,15419.499980879182,16993.54998279127,19.597753905633077,18.175957961111315,1.8240420388886847,-0.10297102367828449,9.742088350547636,2.1744459109662557
1577,20.0,10.617268551847305,1,15428.882712327335,17003.99444109461,18.21779187340382,18.97008320934681,1.0299167906531892,-0.10264739591935507,9.829606370677602,1.8089280362436404
1578,20.0,8.671487577374199,1,15440.21122474996,17016.19010227497,21.928090106618818,23.50393405544405,-3.5039340554440486,-0.10173347357866429,9.713794491347262,1.783563548457051
1579,20.0,10.207435947880947,1,15450.00378880208,17027.003409921876,18.661737148063057,16.988425078940413,3.0115749210595872,-0.10294638216721264,9.763158637000629,2.597665967427229
1580,20.0,10.713773203172586,1,15459.290015598906,17037.36101403902,18.44099591264051,19.442994103377128,0.5570058966228721,-0.10242586822364828,9.858220093617826,1.6376518937667721
1581,20.0,9.908184474276272,1,15469.38183112463,17048.44364801217,19.74273195200603,21.344633732952726,-1.344633732952726,-0.10143818970398076,9.863216531683669,1.8266071264025767
1582,20.0,10.330121497615865,1,15479.051709627014,17059.146538664314,19.139327963040685,19.102857339414307,0.8971426605856934,-0.10138680386744973,9.909907028276889,2.1530992059165714
1583,20.0,9.57815855146132,1,15489.473551075553,17070.526195968,21.02364407333402,21.494450253454037,-1.494450253454037,-0.10090912025174445,9.876732180595331,1.8383916899427177
1584,20.0,9.928380280433874,1,15499.54517079512,17081.590653715608,20.230659182076774,19.36546892124159,0.6345310787584104,-0.10124806279193083,9.881896990579186,2.228861174447822
1585,20.0,9.02745188901511,1,15510.517718906105,17093.465947015495,22.21071395262923,21.746125463905617,-1.7461254639056172,-0.10119514511771785,9.79645248042278,1.9517515766299178
1586,20.0,8.593394014948675,1,15521.924324891157,17105.73189240204,22.904680661559937,21.3964715641241,-1.3964715641240986,-0.10207776764072495,9.67614663387537,2.368057820272431
1587,20.0,10.565659480735166,1,15531.358665410422,17116.222798869378,18.042206874166823,15.220964423555749,4.779035576444251,-0.10334692495244799,9.765097918561349,2.4774134722300403
1588,20.0,9.409003043365335,1,15541.949662367057,17127.75469613035,20.473562127336653,22.326272938160926,-2.326272938160926,-0.10240552714778367,9.729488431041748,1.3704631007094195
1589,20.0,9.726683292997942,1,15552.222979074058,17139.00068116665,19.217472179697296,19.75950158733948,0.2404984126605214,-0.10278032674457159,9.729207917237368,2.320089044851172
1590,20.0,9.168134648037885,1,15563.05484442602,17150.749359983416,20.821909382350515,21.06849248434879,-1.0684924843487913,-0.10278329012049241,9.67310059031742,2.038692691647023
1591,20.0,9.154018178149675,1,15573.900826247871,17162.510743623083,20.7505931916954,20.19685533384918,-0.19685533384917875,-0.10337946873011741,9.621192349100644,2.2800519667220556
1592,20.0,9.89569737994323,1,15584.005128867928,17173.604615981134,19.207751388313024,18.294224936765556,1.7057750632344444,-0.10393722147062953,9.648642852184903,2.213348848104051
1593,20.0,9.562253683518612,1,15594.44287518441,17184.998587665967,19.858453829503745,20.6394676116295,-0.6394676116294988,-0.10364151884568443,9.640003935318274,1.8462966900329776
1594,20.0,10.226782598796818,1,15604.216092585613,17195.79448332705,18.326696992547095,18.68097260253371,1.3190273974662894,-0.10373439748673546,9.698681801666128,2.1471557449240395
1595,20.0,10.271523051387755,1,15613.944569534226,17206.5501125808,18.687382989427,20.035019738350567,-0.0350197383505666,-0.10310679538204985,9.755965926638291,1.8153055560405862
1596,20.0,10.192509787794764,1,15623.75205974643,17217.376853771784,18.975775390651354,20.115799478271267,-0.11579947827126702,-0.10250138300191663,9.79962031275394,1.95429984123557
1597,20.0,10.143160474557066,1,15633.608899271872,17228.248009344683,19.495799215555706,20.0912273867159,-0.09122738671590014,-0.10204476990792462,9.833974328934252,1.9741945463432893
1598,20.0,10.946660922959131,1,15642.662238348914,17238.39601451402,18.21755108545974,18.405737817910918,1.594262182089082,-0.10168828660226675,9.94524298833674,1.981014093834095
1599,20.0,9.359443738573068,1,15653.302794610341,17249.972515149304,21.639292727375917,22.942428562563578,-2.9424285625635775,-0.10055058495531458,9.886663063360373,1.6521611419724032
1600,20.0,9.96703908027825,1,15663.335755530063,17261.002179977055,20.340941213745975,18.98718675216911,1.0128132478308913,-0.10114636188078108,9.894700665052161,2.403446160635071
1601,20.0,10.679613892311753,1,15672.656141637752,17271.390527473974,19.320128774136265,18.63651159059248,1.3634884094075197,-0.1010641992973042,9.97319198777812,1.9055628196658931
1602,20.0,10.758723885602821,1,15681.897417752149,17281.70767597693,19.017191808582563,19.983251766709298,0.016748233290702075,-0.10026880072352695,10.05174517756059,1.733779955896509
1603,20.0,9.146941810393256,1,15692.750475941755,17293.475428347574,22.07434605533648,22.907852644159092,-2.9078526441590924,-0.0994852120040199,9.961264840843857,1.8667877719685726
1604,20.0,9.812586735006478,1,15702.937889206749,17304.644100286067,20.678555548084578,18.85559461297625,1.144405387023749,-0.10038885783858811,9.946397030260119,2.451163865423602
1605,20.0,10.814872657520356,1,15712.123016549229,17314.910714894297,18.8215373951697,17.97336483431876,2.0266351656812382,-0.10053891846039127,10.033244592986142,1.9308807824137046
1606,20.0,10.304847463119438,1,15721.81816908611,17325.636352177487,19.69852043415745,21.066554004996483,-1.0665540049964832,-0.0996686556110734,10.06040487999947,1.6406658021703817
1607,20.0,10.117157818887863,1,15731.701011267221,17336.53091014049,19.885384452000938,20.265680187206915,-0.26568018720691455,-0.09939957804163967,10.06608017388831,2.0559997372934253
1608,20.0,9.869389183939205,1,15741.831622083282,17347.648459874945,20.607752509263108,20.504143355213543,-0.504143355213543,-0.0993435361854188,10.046411074893399,2.0023059648060078
1609,20.0,9.769719444575353,1,15752.061902638707,17358.85571237483,20.783314693268967,20.218945440628797,-0.21894544062879717,-0.09953803328823183,10.018741911861595,2.076333719679957
1610,20.0,10.172931437854194,1,15761.888971200853,17369.70007408076,19.896795866973093,19.16435971661269,0.8356402833873098,-0.09981293148354879,10.034160864460855,2.0696675144856
1611,20.0,9.84857552500931,1,15772.040395675844,17380.83635610825,20.48343096267128,20.63988442561413,-0.639884425614131,-0.0996595543471717,10.0156023305157,1.8809294038470656
1612,20.0,9.974452827373334,1,15782.06594284847,17391.859348563616,20.003063069175123,19.76963221993208,0.23036778006791891,-0.09984421974834043,10.011487380201462,2.0923706359517675
1613,20.0,10.047159223669022,1,15792.018783624802,17402.816905262313,19.90060376623477,19.852796134616923,0.1472038653830765,-0.09988525800647585,10.015054564548219,1.9823350702350993
1614,20.0,9.5931570829039,1,15802.425626541899,17414.1830638877,20.72650461988058,20.897166672129917,-0.8971666721299165,-0.09984968065374791,9.972864816383787,1.975953202754086
1615,20.0,10.319277624328864,1,15812.10634891757,17424.895714025803,19.13060324114679,18.500711810656217,1.4992881893437833,-0.10027209015780135,10.007506097178295,2.170351033939771
1616,20.0,11.748546789049252,1,15820.357802128521,17434.322021915657,16.637763051296766,17.577851924205074,2.422148075794926,-0.09992499532745315,10.18161016636539,1.7808891824777178
1617,20.0,8.933808016404354,1,15831.423994112116,17446.281594700893,22.042774588817792,24.61749810243313,-4.617498102433132,-0.09821629228188943,10.056829951369286,1.450708790470313
1618,20.0,10.194407514513989,1,15841.229586597601,17457.106627937832,19.571786691510532,17.971213781714514,2.028786218285486,-0.09943491187934873,10.070587707683757,2.6138139252116175
1619,20.0,9.543885946828656,1,15851.685700650773,17468.517130585686,21.69354984407532,21.29108842569578,-1.2910884256957793,-0.09929907062295978,10.017917531598247,1.7477289071713376
1620,20.0,10.34644154651155,1,15861.339259104261,17479.205333193826,19.408948458133185,18.439996634832763,1.560003365167237,-0.09982114514776418,10.050769933089576,2.2085942967094407
1621,20.0,10.027934483996717,1,15871.311324620265,17490.18019215823,20.36104562108563,20.707872916395836,-0.7078729163958357,-0.09949486523492664,10.04848638818029,1.768272793039793
1622,20.0,10.457112864425477,1,15880.854211755839,17500.76879058025,19.060577771302917,19.108642015520672,0.8913579844793276,-0.09951747570422823,10.089349035804808,2.065506146955204
1623,20.0,10.705303945905268,1,15890.148907809933,17511.134017028933,18.943476226876776,19.65457160039794,0.34542839960205995,-0.09911442219425923,10.150944526814856,1.8172366252677796
1624,20.0,10.11545267066091,1,15900.033455139272,17522.03010962534,20.093011912016113,21.06438867893301,-1.0643886789330104,-0.09851300018026776,10.147395341199461,1.837800395763239
1625,20.0,10.679231373048507,1,15909.354223766222,17532.418801389595,19.093644893425935,18.812342309738227,1.1876576902617728,-0.09854745640390081,10.200578944384366,2.0836749005507023
1626,20.0,8.593421263726794,1,15920.760802502495,17544.68472225224,23.35696952215676,23.842260074817318,-3.842260074817318,-0.09803365136941772,10.03986317631861,1.7420398436778934
1627,20.0,10.954271378749613,1,15929.806531123744,17554.825878011365,18.00521620599276,15.057369955406568,4.942630044593432,-0.09960295100024234,10.131303996561709,2.6277320621480196
1628,20.0,10.225037291135404,1,15939.58149383261,17565.623344449345,20.47626297391583,22.159653047124333,-2.1596530471243334,-0.09870397733000343,10.140677326019079,1.2613858063348007
1629,20.0,10.646706013447108,1,15948.934787819162,17576.041309037242,18.696522904759163,18.901035560133117,1.098964439866883,-0.0986127423100415,10.191280194761882,2.184583424921745
1630,20.0,9.268074553095087,1,15959.666713266068,17587.700041939457,21.95953340502226,22.673676161546275,-2.6736761615462754,-0.09812309944279428,10.098959630595203,1.7508878792054703
1631,20.0,9.501538071036798,1,15970.16517519503,17599.148657675523,21.268867469669136,19.937449300932343,0.06255069906765698,-0.0990201007409179,10.039217474639363,2.3928996222116887
1632,20.0,10.087562976486865,1,15980.077612218543,17610.069850996686,20.168596139816206,18.621961665140283,1.378038334859717,-0.09960935725579775,10.044052024824113,2.1130463012202654
1633,20.0,9.989777266397523,1,15990.087834952146,17621.079051456927,20.01861975807033,20.197834478471027,-0.19783447847102664,-0.09956141182149159,10.038624548981455,1.8442980954782886
1634,20.0,10.169841152805994,1,15999.91799379934,17631.9261944194,19.405616346989525,19.638557782898207,0.3614422171017928,-0.0996152406259145,10.051746209363909,2.0215927059883567
1635,20.0,10.65070909655798,1,16009.26728470278,17642.3405562325,18.53088281988098,19.085811114180455,0.914188885819545,-0.09948520179194632,10.111642498083317,1.9297068845265746
1636,20.0,8.94086781081829,1,16020.326416891963,17654.29377520276,21.956547208410793,23.135100127761937,-3.1351001277619375,-0.0988959014511789,9.994565029356814,1.7840226836950266
1637,20.0,10.584291443030386,1,16029.742125448933,17664.767912904033,18.447299684807863,16.6465127944575,3.3534872055425,-0.10005437926140079,10.053537670724172,2.5026320822587342
1638,20.0,10.004969145974757,1,16039.737156302957,17675.763440672657,20.360668581711035,21.43685418225803,-1.4368541822580312,-0.0994674743112559,10.04868081824923,1.5202104464578667
1639,20.0,9.877730883325272,1,16049.859425419632,17686.873482877665,20.09743050453594,20.276444034492876,-0.2764440344928758,-0.0995155501589739,10.031585824756835,2.1422339196835503
1640,20.0,9.117330859369066,1,16060.742094560263,17698.667885104234,21.92033132416746,21.551723355413124,-1.5517233554131238,-0.09968513627547416,9.94016032821806,2.0537502661579987
1641,20.0,10.30182920102612,1,16070.440265359237,17709.396238823312,19.137756296295635,17.472385710105147,2.527614289894853,-0.10060199906043837,9.976327215498866,2.3373846697933547
1642,20.0,8.551535289381377,1,16081.888730069855,17721.699857062868,22.78154656761669,23.139245494514377,-3.139245494514377,-0.10023728957550988,9.833848022887118,1.67608969975117
1643,20.0,10.389036406743228,1,16091.499693663112,17732.349724296797,18.248007399529133,16.522489818985754,3.477510181014246,-0.10168959268768628,9.889366861272729,2.5620042738759143
1644,20.0,9.104736498716205,1,16102.394957164395,17744.155461447954,21.39789710586007,22.42209939857282,-2.4220993985728185,-0.10111870800506467,9.810903825017077,1.548687369744433
1645,20.0,10.032074747570485,1,16112.362882416825,17755.12659417514,18.815240229691053,18.490317813172204,1.5096821868277956,-0.1019274083036136,9.833020917272417,2.3855266420534083
1646,20.0,9.928498697603247,1,16122.434383719221,17766.190945347298,19.623659810061927,20.233629559371742,-0.23362955937174235,-0.10169814631873987,9.8425686953055,1.8388166035825386
1647,20.0,10.701722888376331,1,16131.732660830845,17776.55939474776,17.770124285387105,18.435456906213545,1.5645430937864546,-0.1015994940911064,9.928484114612584,2.0368844232393895
1648,20.0,9.892806898591665,1,16141.839853932253,17787.65586853903,19.94880141729296,21.62277114808658,-1.6227711480865814,-0.1007203102161604,9.924916393010491,1.6994858921708467
1649,20.0,9.583516863312601,1,16152.25633706894,17799.03070336205,20.56935079341407,20.714200765607224,-0.7142007656072238,-0.1007565162669016,9.890776440040703,2.181722083937794
1650,20.0,9.696038382417278,1,16162.560298686523,17810.304268817872,20.70780644157641,19.740954059451226,0.2590459405487735,-0.10110429712592763,9.871302634278361,2.1630738121033763
1651,20.0,10.763729661252798,1,16171.796569025271,17820.616912122743,18.437537496750654,17.78825405392288,2.2117459460771194,-0.10130375260986056,9.960545336975805,2.039506815611835
1652,20.0,10.321778181508536,1,16181.474790843762,17831.327311759385,19.585897743683134,21.044408682487493,-1.044408682487493,-0.10039610946679525,9.996668621429079,1.6221861269439009
1653,20.0,9.768622011086103,1,16191.706168832676,17842.535551949408,20.468826431638654,20.996487839750166,-0.9964878397501664,-0.10003332488749082,9.97386396039478,2.0522772628509496
1654,20.0,9.858132148021292,1,16201.848036684654,17853.66323301619,20.52450369992934,19.827183293302888,0.17281670669711247,-0.10026204527863027,9.962290779157431,2.1473950874858527
1655,20.0,9.059693745648731,1,16212.788342939006,17865.509508645104,22.17007924850037,21.588954837468165,-1.5889548374681652,-0.10037851957625511,9.87203107580656,2.0131175476648244
1656,20.0,10.233084520510925,1,16222.555258418495,17876.299732576645,19.352287009448798,17.538648840188404,2.4613511598115956,-0.10129627756649848,9.908136420276996,2.3502499123381577
1657,20.0,8.944110575382721,1,16233.611147843112,17888.2500330588,22.019042025767224,22.362262807283486,-2.3622628072834857,-0.10092715295618059,9.81173383578757,1.6968021476250041
1658,20.0,10.451077879501273,1,16243.160069963611,17898.84406296725,18.174365004923043,17.071464280690737,2.928535719309263,-0.1019187858880328,9.87566824015894,2.4199225016013015
1659,20.0,10.07717295549476,1,16253.082897008117,17909.774607307307,19.565351107978945,21.005405906503267,-1.0054059065032668,-0.10125897060145733,9.895818711692524,1.594302136635172
1660,20.0,11.432171079744354,1,16261.650725928372,17919.485653335538,16.37246965664018,17.120223892096273,2.8797761079037265,-0.10105278089001751,10.049453948497707,2.089295361991829
1661,20.0,9.339918667765417,1,16272.310807260606,17931.07972653455,21.235286068088115,23.9115548947326,-3.9115548947325998,-0.09950789417264706,9.978500420424478,1.414216704364928
1662,20.0,9.93840274537562,1,16282.37240451523,17942.13516406371,20.017261455962952,19.211164773868962,0.7888352261310381,-0.10021545902359753,9.974490652919592,2.4853480739001883
1663,20.0,11.078972620553838,1,16291.293431894677,17952.164088705213,18.582965788791874,17.75979433015761,2.240205669842389,-0.10025574586179939,10.084938849683017,1.936223797855996
1664,20.0,10.714833784174848,1,16300.578598110502,17962.520738299456,19.353943523990754,20.94872409130136,-0.9487240913013615,-0.09915776534742513,10.1479283431322,1.568952965344658
1665,20.0,9.58227276905206,1,16310.99632534145,17973.89669280731,21.440322771063844,21.96302806324451,-1.9630280632445114,-0.09854228037358666,10.091362785724186,1.9813353768612278
1666,20.0,10.134380457024069,1,16320.861944884426,17984.775750395987,20.415672517693146,18.884091205971245,1.1159087940287549,-0.09909464372984952,10.095664552854174,2.277291340614454
1667,20.0,10.001199613849053,1,16330.860745270576,17995.77467074352,20.83098384941293,20.293219397309265,-0.29321939730926516,-0.09905241945833938,10.086218058953662,1.8588641889437414
1668,20.0,10.169173520436495,1,16340.69157175014,18006.62241457513,20.09646677583106,19.661508980179274,0.3384910198207258,-0.09914518942134981,10.094513605101945,2.0288483007657843
1669,20.0,9.580791738409102,1,16351.11078001173,18017.999702010562,21.211655476581026,21.15002934337887,-1.1500293433788684,-0.09906371313369497,10.04314141843266,1.9321450817669328
1670,20.0,9.946407758379559,1,16361.16437225335,18029.047935028022,20.155679098731184,19.312630987072477,0.6873690129275225,-0.0995704390027459,10.03346805242735,2.1955060446731656
1671,20.0,9.041168574833971,1,16372.123203678517,18040.910883310673,21.986985989903488,21.743302495719647,-1.7433024957196466,-0.09966643584997259,9.934238104668012,1.9432585894103265
1672,20.0,10.081074071120849,1,16382.042129607395,18051.837916646666,19.345482273496877,17.933720866691985,2.066279133308015,-0.10066197220802557,9.948921701313296,2.3618100076493564
1673,20.0,10.2700124040531,1,16391.77211720334,18062.594905483016,19.16334559283237,19.723313911237604,0.2766860887623963,-0.10051340537417197,9.981030771587276,1.773163092604209
1674,20.0,9.86354835241367,1,16401.90856885093,18073.717711965845,19.659155735918333,20.741889593866194,-0.741889593866194,-0.1001900527996239,9.969282529669915,1.924401203216745
1675,20.0,9.030969465649127,1,16412.87759938528,18085.58983944676,21.48015543434679,21.77074586582147,-1.7707458658214712,-0.10030812117360167,9.875451223267836,2.1006763227585683
1676,20.0,10.593119117710877,1,16422.284480267568,18096.05603224082,18.151610870735613,16.52872229813303,3.4712777018669705,-0.10126119580681753,9.94721801271214,2.382869793797157
1677,20.0,10.218715022795681,1,16432.065765244774,18106.859188720304,19.477545853349042,21.10155136945781,-1.101551369457809,-0.10053062059382238,9.974367713720495,1.5096977354061285
1678,20.0,9.564390941379415,1,16442.501374303392,18118.251236873064,20.434466322639306,21.23230526370369,-1.2323052637036902,-0.10025698156530008,9.933370036486387,2.077418857879569
1679,20.0,9.831639731897162,1,16452.669734571497,18129.402761114357,20.19217245052436,19.459634067353292,0.5403659326467078,-0.10067076896631126,9.923197006027465,2.2145513658024405
1680,20.0,9.099598358330898,1,16463.570136213166,18141.21312259186,21.766170525512674,21.416682699862935,-1.4166826998629354,-0.10077397429402928,9.840837141257808,1.9828294235614923
1681,20.0,9.384753923333257,1,16474.185382289834,18152.76684406086,20.964435707301135,19.620649349425246,0.3793506505747537,-0.10161737112867056,9.795228819465352,2.3224938584959953
1682,20.0,9.677313192185716,1,16484.508069097647,18164.057262187893,20.19836129934692,19.258010619187313,0.7419893808126865,-0.10209051962244844,9.78343725673739,2.1041624184159358
1683,20.0,10.737052487368091,1,16493.771016610277,18174.39391494926,17.621341571160855,17.86918827446908,2.1308117255309185,-0.1022135650035827,9.87879877980046,1.9920571655844768
1684,20.0,9.616297965467515,1,16504.154718644808,18185.73924678034,20.046254048408827,22.12269745493169,-2.1226974549316893,-0.10122688216352138,9.852548698367166,1.6374795036596856
1685,20.0,10.384128195597254,1,16513.77059044921,18196.3935314043,18.377890264766414,18.464777495715882,1.5352225042841177,-0.10149658028746684,9.905706648090176,2.2782769543664223
1686,20.0,9.677010278283053,1,16524.093580170927,18207.684222153846,20.497595039532793,21.457419203499917,-1.4574192034999172,-0.1009519093918252,9.882837011109464,1.7575013152960606
1687,20.0,10.148768536511126,1,16533.944811634417,18218.550330470986,19.426938538458472,19.087146300445024,0.9128536995549759,-0.10118551979314068,9.90943016364963,2.2042352057371084
1688,20.0,9.915162698713718,1,16544.029648935702,18229.626684042145,20.33443111134165,20.49534153568855,-0.49534153568854933,-0.10091397623127316,9.91000341715604,1.8750882188920985
1689,20.0,10.523833960055645,1,16553.505814975648,18240.155233478094,18.927165527698136,18.75423993881499,1.2457600611850097,-0.10090813876701758,9.971386471446001,2.0658917348367787
1690,20.0,9.679113197068865,1,16563.82670177858,18251.44403160073,20.883194539351404,21.652717271287766,-1.6527172712877665,-0.1002869563689657,9.942159144008286,1.7668480902471615
1691,20.0,9.056483049998535,1,16574.770218728583,18263.29319685573,21.9993316543821,21.52079793724534,-1.5207979372453408,-0.10058177358815033,9.853591534607313,2.222929057880331
1692,20.0,9.17083058118182,1,16585.599388147402,18275.039449332668,21.815690716512346,19.840252155236076,0.159747844763924,-0.10148583858868594,9.785315439264764,2.3640765784613755
1693,20.0,9.680873503634345,1,16595.918514643767,18286.326663179396,20.349413665104166,18.73888376224856,1.261116237751441,-0.10219394624596145,9.774871245701723,2.1796967375997367
1694,20.0,9.250564017593168,1,16606.667950626175,18298.00115556356,20.859287562929023,20.7877595734534,-0.7877595734533998,-0.10230313779731137,9.722440522890867,1.9405437500518725
1695,20.0,10.246127209407732,1,16616.421823416767,18308.779641075093,18.262933131266383,17.975206010999933,2.0247939890000666,-0.10285483337702747,9.774809191542554,2.2264562108410644
1696,20.0,9.720539101085153,1,16626.70128431568,18320.031155884117,19.576596180221436,21.08035730474676,-1.0803573047467587,-0.10230378725604473,9.769382182496814,1.7380567611077369
1697,20.0,11.424763930015859,1,16635.276520385665,18329.748868347102,15.890291616555327,16.412487642725033,3.587512357274967,-0.10236061823762375,9.934920357248718,2.1591579321138306
1698,20.0,8.95737124291772,1,16646.319149142746,18341.687234228477,21.465860832045948,24.487810751027645,-4.487810751027645,-0.10065505953154218,9.837165445815618,1.331269696020003
1699,20.0,10.122179907225881,1,16656.19696923552,18352.577272311974,19.177152057606644,18.220634925632275,1.7793650743677247,-0.10165529953807624,9.865666891956645,2.5950117530161783
1700,20.0,9.323228185896598,1,16666.87374104962,18364.186366944665,21.73124597565788,21.551310429880004,-1.5513104298800044,-0.10136162217429899,9.81142302135064,1.7879348400984367
1701,20.0,9.703959195770393,1,16677.169781853852,18375.45280366847,20.51800562326608,19.43487074214988,0.5651292578501206,-0.10192201455628809,9.800676638792615,2.279115074738761
1702,20.0,10.084851684004326,1,16687.084930169847,18386.376437152867,19.87055669473584,19.166246713419643,0.8337532865803574,-0.10203377142776482,9.829094143313785,2.009808836443127
1703,20.0,8.604777175075428,1,16698.480152994773,18398.6321376953,22.551541485269645,22.833335055368902,-2.8333350553689023,-0.10173877525430432,9.70666244648995,1.8981213953291665
1704,20.0,10.142095670072816,1,16708.3380573247,18409.504251592232,18.919445673539368,16.90277395921301,3.097226040786989,-0.10302202281296105,9.750205768848238,2.55672613823507
1705,20.0,11.141744477364501,1,16717.196312847336,18419.476681562603,17.356433154012933,18.563323017951635,1.4366769820483647,-0.10256193804596259,9.889359639699865,1.6460125233099436
1706,20.0,9.727937020978844,1,16727.468375826356,18430.72153824372,19.88686524792552,22.34887149594787,-2.3488714959478685,-0.10111878184565136,9.873217377827764,1.6667924028533887
1707,20.0,10.155884714083305,1,16737.312491112272,18441.581242001044,19.181380770111822,19.160441615684345,0.8395583843156551,-0.10128410646013883,9.901484111453318,2.2832506013097813
1708,20.0,10.614953015875239,1,16746.697538096396,18452.027784286758,18.97439758885946,19.208401341378547,0.791598658621453,-0.10099496083049536,9.97283100189551,1.8796164471445556
1709,20.0,9.901627899983803,1,16756.79591019641,18463.116319176774,20.4644742927864,21.335597626558766,-1.3355976265587657,-0.10027243014645816,9.96571069170434,1.805036898513326
1710,20.0,9.65142388688111,1,16767.14448630953,18474.43003767858,21.02542327503976,20.567896956436176,-0.5678969564361758,-0.10034407288507988,9.934282011222017,2.1517758326159004
1711,20.0,8.634558157766948,1,16778.509928151765,18486.65893533659,23.21445328242793,22.157541240660912,-2.157541240660912,-0.10066152731222797,9.80430962587651,2.1321711405944725
1712,20.0,10.384594431636984,1,16788.125333720127,18497.312800348114,18.976433534878183,16.07978856559828,3.9202114344017183,-0.10199596281218011,9.862338106452558,2.5111960651651413
1713,20.0,9.932098954162662,1,16798.193234765964,18508.373911289367,20.112229463642127,21.12276574247266,-1.1227657424726587,-0.10139583425412453,9.869314191223568,1.5059276888151576
1714,20.0,9.392389689167103,1,16808.800845076796,18519.920760569115,20.538612384406118,21.173436123849697,-1.1734361238496973,-0.10132416301927692,9.821621741017921,2.1239887056253544
1715,20.0,10.075958026166616,1,16818.72488705063,18530.852398345567,19.241343018757846,18.517336918058593,1.482663081941407,-0.10181617927961041,9.847055369532791,2.2485305265221105
1716,20.0,9.64979178591629,1,16829.075095264714,18542.167585738243,20.210828083858498,20.83552720802639,-0.8355272080263916,-0.10155320169053203,9.827329011171141,1.8323514229434983
1717,20.0,9.682944321330684,1,16839.392150943382,18553.452935849047,20.004526701619085,20.025028143519997,-0.025028143519996604,-0.10175704902759007,9.812890542187095,2.149191235011305
1718,20.0,10.363774693665224,1,16849.028376249717,18564.125538624747,18.758751470175344,18.564844185553856,1.4351558144461443,-0.10190677208727127,9.867978957334907,2.0706918658781253
1719,20.0,9.196970553205693,1,16859.83140569651,18575.84826512686,21.183329175380663,22.201246235833167,-2.2012462358331675,-0.10133787316770636,9.800878116921986,1.7792378321812714
1720,20.0,10.628389171644255,1,16869.203016524865,18586.28271487238,18.039950719572072,17.038801906773728,2.9611980932262725,-0.1020316739041394,9.883629222394212,2.367474875326447
1721,20.0,9.161388302128957,1,16880.041628222738,18598.037465400466,21.521733616735926,22.823771113069142,-2.8237711130691423,-0.10117740938057566,9.811405130367687,1.5516240906851686
1722,20.0,9.602379154986842,1,16890.439249067753,18609.395324160978,20.324513653989126,19.60592911694298,0.39407088305701876,-0.10192220040989425,9.790502532829603,2.4179259766126133
1723,20.0,11.153767716439946,1,16899.28548135131,18619.356933216182,17.505770707789964,16.674993381725013,3.325006618274987,-0.1021398030026335,9.926829051190637,2.0558914546354794
1724,20.0,10.676412856985454,1,16908.609068494326,18629.748161644897,18.76485370225477,21.430716283410327,-1.4307162834103266,-0.10073710294024442,10.00178743177012,1.4278463471315213
1725,20.0,10.058562395497264,1,16918.55050609883,18640.69545548895,19.837660718825003,20.846223437106666,-0.8462234371066657,-0.09998212887664017,10.007464928142834,2.046464697133892
1726,20.0,9.43568187069927,1,16929.11482422813,18652.203341805318,21.50567477898797,21.29006854340808,-1.2900685434080792,-0.09992540640215644,9.950286622398478,2.072574633363439
1727,20.0,9.682436615980064,1,16939.43238761215,18663.489148850935,21.091887010277112,19.537404396703916,0.4625956032960836,-0.10049961754357523,9.923501621756635,2.246610539211089
1728,20.0,10.043965188751418,1,16949.3884224234,18674.44958018106,20.275206296399812,19.201107268878037,0.7988927311219634,-0.10077088089627201,9.935547978456114,2.024727958097784
1729,20.0,10.022513939403758,1,16959.365908483996,18685.429317635597,20.033034333366857,20.051182798485588,-0.05118279848558771,-0.10064870122597809,9.94424457455088,1.910690729508896
1730,20.0,9.945477442224423,1,16969.420431041774,18696.478387937594,19.978872665834206,20.15182140467045,-0.15182140467045002,-0.1005606803516459,9.944367861318234,2.000845259507663
1731,20.0,9.98150049154949,1,16979.438930550223,18707.4950374952,19.856007689958524,19.927542722368575,0.0724572776314254,-0.10055943363577854,9.94808112434136,2.026176194593598
1732,20.0,9.87137493417693,1,16989.567555616046,18718.61080005444,20.09019859337781,20.21969030389515,-0.219690303895149,-0.10052189839437077,9.940410505324918,1.9964647832634117
1733,20.0,9.134812758615992,1,17000.43274285743,18730.389468571688,21.57022939121096,21.513600976486117,-1.5136009764861171,-0.10059946714115238,9.859850730654026,2.047780268923999
1734,20.0,9.6900935547035,1,17010.742649302727,18741.668384372453,20.2943582830333,18.92906575510944,1.0709342448905588,-0.10142141370264617,9.842875013058974,2.3306828870000236
1735,20.0,10.548774432392108,1,17020.193874870336,18752.1744873833,18.49624185642312,18.217323826302483,1.7826761736975172,-0.10159633223760905,9.913464954992287,1.9634263735138218
1736,20.0,9.17899942146933,1,17031.014875448865,18763.91338790398,21.111428025369438,22.498944002214486,-2.498944002214486,-0.1008729041298939,9.840018401639991,1.71242845786909
1737,20.0,9.886266693076433,1,17041.12860875579,18775.01574788021,19.504270485772636,18.82580659008166,1.1741934099183418,-0.1016258262111923,9.844643230783635,2.3945477243408413
1738,20.0,9.508147642737494,1,17051.620461113052,18786.458415001747,20.66112808888994,20.684625373542193,-0.6846253735421932,-0.1015780843000036,9.810993671979022,1.9079616659503646
1739,20.0,10.066810257638867,1,17061.553650855414,18797.398285769872,19.19769312808777,18.90382307786538,1.096176922134621,-0.10192647487441354,9.836575330545006,2.1636249952311526
1740,20.0,9.766820091359909,1,17071.786830764053,18808.60814768765,20.049836883355365,20.59976804480619,-0.59976804480619,-0.1016613980370538,9.829599806626495,1.874105887263311
1741,20.0,10.886436198984802,1,17080.90039456507,18818.810355108562,17.58353569300106,17.68690167363651,2.313098326363491,-0.10173354151466707,9.935283445862327,2.1047169112428534
1742,20.0,10.303949892514153,1,17090.596444672556,18829.5368002053,19.40196697869466,21.400336968754786,-1.400336968754786,-0.10065138105510846,9.972150090527508,1.5806137330611398
1743,20.0,9.212918100533674,1,17101.383526572023,18841.24517391482,21.43239252709651,22.1233925882839,-2.123392588283899,-0.10027927687830276,9.896226891528125,2.092382041185652
1744,20.0,10.40273680696822,1,17110.980789765053,18851.882710788548,19.278046045976666,17.372644851727625,2.6273551482723754,-0.10104861286639166,9.946877883072135,2.3792534787554285
1745,20.0,9.535208886242762,1,17121.44558087881,18863.30102279093,21.311055883657644,21.734520586617677,-1.734520586617677,-0.10053405819949061,9.905710983389197,1.640040029712655
1746,20.0,9.65380217717348,1,17131.791778701638,18874.61260083147,20.65671664266664,20.000619453883644,-0.0006194538836439278,-0.10095186520956362,9.880520102767624,2.2513306916651015
1747,20.0,10.188291412064274,1,17141.603487289573,18885.443138560615,19.63903027267626,18.829316554835604,1.1706834451643964,-0.10120924704357323,9.91129723369729,2.0780032728528397
1748,20.0,9.704951548161919,1,17151.89853574141,18896.708682167267,20.436037979619673,20.945449967633095,-0.9454499676330954,-0.10089496626133994,9.890662665143752,1.8427569162454647
1749,20.0,10.535713489793773,1,17161.362822251616,18907.22654002645,18.52322476446055,18.29408305707416,1.705916942925839,-0.10110546015527928,9.955167747608755,2.1499604115565516
1750,20.0,9.535293963091963,1,17171.827528288526,18918.64477545967,20.81591822170413,21.955702210105816,-1.955702210105816,-0.1004503415063198,9.913180369157077,1.7134637810023405
1751,20.0,9.628632068445182,1,17182.19889622008,18929.97900659807,20.45482178460666,20.03218587969909,-0.032185879699088815,-0.10087579997145059,9.884725539085888,2.276908721255864
1752,20.0,9.606177463871134,1,17192.59271875621,18941.333446880588,20.745460506209028,19.976281663758893,0.02371833624110664,-0.1011661877758598,9.856870731564413,2.0878132109645606
1753,20.0,9.660616750986977,1,17202.932102005223,18952.638891804698,20.399928838655732,19.8839714007801,0.11602859921989861,-0.10145207614397588,9.837245333506669,2.0798165149162
1754,20.0,10.659514933328687,1,17212.272587071893,18963.0453283647,18.19783132337199,17.938261590377532,2.0617384096224676,-0.10165447400136471,9.91947229348887,2.058790662395507
1755,20.0,10.377277776166181,1,17221.895309295727,18973.70577836615,19.01532521704487,20.74962829701379,-0.7496282970137891,-0.10081181442045047,9.965252841756602,1.6563720914208753
1756,20.0,11.025966372407243,1,17230.86934292332,18983.782408630985,17.707655033749084,18.55730220302008,1.442697796979921,-0.1003486831573184,10.071324194821667,2.0127329745472977
1757,20.0,11.360586522339553,1,17239.50875640098,18993.55788076088,17.98309893323224,19.80946826962773,0.1905317303722711,-0.09929180916588566,10.200250427573454,1.6502522908061528
1758,20.0,9.381569780840596,1,17250.12718662014,19005.114467958123,21.79720775388065,23.328022408364085,-3.3280224083640846,-0.09803680871371417,10.118382362900169,1.7567897746625185
1759,20.0,10.042251476396373,1,17260.084935143743,19016.076441629368,20.729642459194885,18.849494841243146,1.1505051587568538,-0.09883002679030764,10.11076927424979,2.4375537323135203
1760,20.0,9.29427981001394,1,17270.790655333727,19027.711589800354,22.580175560678136,21.414253999978534,-1.4142539999785342,-0.09890444266657436,10.029120327826206,1.8759109040895614
1761,20.0,9.53343644335104,1,17281.257218890376,19039.131497001337,21.522639566442272,19.740924523442164,0.259075476557836,-0.09970964225301585,9.979551939378691,2.2734015803558565
1762,20.0,9.6219504938466,1,17291.63526839653,19050.471741556874,21.051107375467407,19.72622831992525,0.2737716800747485,-0.10020489958612894,9.943791794825481,2.0801080005885133
1763,20.0,9.365707075517035,1,17302.269561321013,19062.042605188908,21.006712619504295,20.516166032536308,-0.516166032536308,-0.10056525927266265,9.885983322894637,2.051106460248593
1764,20.0,9.368867636260951,1,17312.90069368475,19073.610624316272,20.619600420608407,20.070372474667952,-0.07037247466795193,-0.10115331650258114,9.834271754231269,2.1823121375667256
1765,20.0,9.913429372887848,1,17322.98726431186,19084.688537880673,19.180619131903743,18.8071706104683,1.192829389531699,-0.10168521116672849,9.842187516096926,2.144888621726826
1766,20.0,9.269968948968156,1,17333.717295362894,19096.345565826603,20.42313847125139,21.2185829358681,-1.218582935868099,-0.10160342894955995,9.78496565938405,1.8973728791786297
1767,20.0,10.50527617548258,1,17343.212019187413,19106.890817268668,17.620854555223413,17.444613880257187,2.5553861197428134,-0.10219759933863158,9.856996710993903,2.263050362359351
1768,20.0,9.449347877549492,1,17353.76267130986,19118.386404178873,20.270561868982277,22.07612321587049,-2.0761232158704885,-0.1014507795142774,9.816231827649462,1.626407542990387
1769,20.0,11.685741382057834,1,17362.076929927804,19127.86923693502,15.432236098070376,15.186560638976463,4.813439361023537,-0.10187208468154671,10.003182783090299,2.3010574766082006
1770,20.0,9.729169329421364,1,17372.347760598383,19139.11298453854,20.602652704070472,24.18374151650825,-4.183741516508249,-0.09996818229598205,9.975781437723406,1.1309104354053416
1771,20.0,10.04321058515023,1,17382.304550013232,19150.074095011903,19.727127179951008,19.57769102144004,0.4223089785599612,-0.10024277358548586,9.982524352466088,2.450018376738054
1772,20.0,9.222795289320379,1,17393.081754723913,19161.773579251516,22.272463797729188,21.61990792954277,-1.6199079295427694,-0.10017506240823339,9.906551446151516,1.9471084989484315
1773,20.0,11.023655054876583,1,17402.058099669037,19171.85228970213,18.08000799671569,16.101810578190214,3.8981894218097857,-0.10094330054566857,10.018261807024022,2.314849042746852
1774,20.0,10.67170040848175,1,17411.386399260555,19182.247759334496,19.62085254823757,21.43963112336768,-1.439631123367679,-0.09981771481544614,10.083605667169795,1.3739309476087984
1775,20.0,10.178149522441668,1,17421.208249738112,19193.087424764297,19.94469796068824,20.56951384152927,-0.5695138415292718,-0.09917087528083333,10.093060052696984,2.0504824807124473
1776,20.0,9.191918470732261,1,17432.01633126738,19204.81469814064,22.220593244313903,22.002784991111415,-2.0027849911114153,-0.09907797979788976,10.002945894500511,2.0198970334142623
1777,20.0,10.126400126634772,1,17441.889931140744,19215.700938026668,20.126621893885208,18.0696087633071,1.9303912366928984,-0.09997054973073351,10.015291317713936,2.363443664926347
1778,20.0,9.327141372389647,1,17452.562789768355,19227.306510791517,21.82572492381581,21.491718840596423,-1.4917188405964232,-0.09984732029025566,9.946476323181507,1.7773816500503372
1779,20.0,10.877413158084016,1,17461.685376610272,19237.516838949243,17.86074928028249,16.80469805200088,3.19530194799912,-0.1005381169680538,10.039570006671758,2.269567261058602
1780,20.0,10.485516839111904,1,17471.19985977116,19248.079873794042,19.322308082262214,21.258929660881382,-1.2589296608813818,-0.09960585954731666,10.084164689915772,1.4825943851553802
1781,20.0,10.057263423092643,1,17481.14259634807,19259.028336713258,19.69851759481495,20.61277806937879,-0.6127780693787912,-0.09916537767377066,10.08147456323346,2.052859781329445
1782,20.0,8.538174602051606,1,17492.60442174602,19271.34397957141,23.092554044440067,23.117826022990258,-3.1178260229902577,-0.09919183882553656,9.927144567115274,2.0490272056728305
1783,20.0,9.409950412804582,1,17503.194471333212,19282.875024199886,21.27413990279013,18.523953468319785,1.4760465316802147,-0.10073390119779324,9.875425151684205,2.6136027795857864
1784,20.0,10.412656678959923,1,17512.781814654252,19293.503633188822,19.049035069928173,17.64919152156311,2.350808478436889,-0.10126146314110385,9.929148304411777,2.0047488926564485
1785,20.0,10.727730215033894,1,17522.05408443922,19303.84867599529,18.09630658297077,19.621086659504517,0.3789133404954832,-0.10071357273973582,10.009006495473988,1.6805143772905398
1786,20.0,10.665501886895278,1,17531.388582552325,19314.249724297086,18.2633095673598,19.99819870884878,0.0018012911512208518,-0.09991001608922863,10.074656034616117,1.8398466531393534
1787,20.0,9.044792198655127,1,17542.34379035367,19326.109411318295,21.614600006197993,23.017695198979048,-3.017695198979048,-0.09925897187596676,9.971669651020019,1.8773790637660601
1788,20.0,10.180931384087742,1,17552.16285896958,19336.946573072615,19.515328032148403,17.749075688034978,2.250924311965022,-0.10028410837875162,9.992595824326791,2.4819555851675403
1789,20.0,10.609309129889757,1,17561.55354983969,19347.398194855716,19.244660223726008,19.39672761461128,0.6032723853887205,-0.1000740966191706,10.054267154883089,1.7298344169951054
1790,20.0,9.004998660650653,1,17572.54855117904,19359.29369606113,22.07241896106365,22.876175236023354,-2.8761752360233537,-0.09946025748026067,9.949340305459845,1.8345979828712424
1791,20.0,9.995257290776058,1,17582.553293888264,19370.29796449943,19.933792830319383,18.171649941341645,1.828350058658355,-0.10050917641757971,9.953932003991467,2.471624749217795
1792,20.0,10.164305438985073,1,17592.38898844928,19381.150089604344,19.863472494833893,19.69811596497749,0.3018840350225105,-0.10046281204241761,9.974969347490827,1.8174910314588866
1793,20.0,9.819541249091959,1,17602.569447200185,19392.31250248016,20.152825769807638,20.64944833797233,-0.6494483379723306,-0.10025093463084646,9.959426537650941,1.939873477161333
1794,20.0,8.88870288675928,1,17613.680744313428,19404.312669882074,22.038767946608107,21.98125120116812,-1.9812512011681207,-0.10040738753577501,9.852354172561776,2.10021612541607
1795,20.0,9.804581133955763,1,17623.876163179473,19415.488546861514,19.94360308912543,18.112090557447782,1.8879094425522176,-0.10149858424547312,9.847576868701175,2.4344906036888565
1796,20.0,9.803616741846986,1,17634.072546437626,19426.66529179385,19.982895867730498,19.91793623418565,0.08206376581435038,-0.10154782372690357,9.843180856015756,1.8558614440321732
1797,20.0,9.911156557271347,1,17644.161389880355,19437.74525089231,19.359904998714853,19.817031479032025,0.18296852096797522,-0.10159317548136283,9.849978426141316,2.028108893144921
1798,20.0,9.661917144744958,1,17654.49947273561,19449.04952546204,19.96029642662705,20.498579915250914,-0.4985799152509145,-0.101523064999417,9.83117229800168,1.9994428925824796
1799,20.0,9.734192708055119,1,17664.765280027554,19460.28875202479,19.80911040707931,19.87852343415624,0.12147656584376065,-0.10171726928265346,9.821474339007024,2.1183119237028687
1800,20.0,9.976176230591813,1,17674.78910379696,19471.310193417256,19.462108138532102,19.487839635606512,0.5121603643934876,-0.10181770735055472,9.836944528165503,2.0439378101623706
1801,20.0,10.265472762981826,1,17684.52363103398,19482.071267930573,18.962462065262113,19.441378785748356,0.5586212142516445,-0.10165758250814194,9.879797351647134,1.952804445806667
1802,20.0,9.817343942286,1,17694.706287091693,19493.235658382517,20.012092252646976,20.87072809157019,-0.8707280915701894,-0.1012166509501617,9.873552010711022,1.8916165923645871
1803,20.0,9.7542106429792,1,17704.952076448713,19504.456868803834,20.212320073674352,20.165080349100776,-0.1650803491007764,-0.10128067375501547,9.861617873937838,2.122739450718418
1804,20.0,10.055412422952674,1,17714.89666402576,19515.406997623177,19.77705124464834,19.361293204978935,0.638706795021065,-0.10140323958838313,9.880997328839323,2.0689143586626764
1805,20.0,8.847450444462892,1,17726.049213581296,19527.44429222316,22.218624603771538,22.33972105108327,-2.33972105108327,-0.10120435890427122,9.77764264040168,1.9238957325325834
1806,20.0,10.286221076335876,1,17735.762992504962,19538.186693254458,18.89592890696062,17.02500719943375,2.9749928005662483,-0.10227414079012796,9.8285004839951,2.4610314773311335
1807,20.0,9.999662141726224,1,17745.763330363236,19549.186997326906,19.86667331547323,20.7568599878276,-0.7568599878275997,-0.10174492046151061,9.845616649768212,1.6268696862990022
1808,20.0,10.023816115958537,1,17755.739514247278,19560.16556282254,19.3383265147408,19.93811811810328,0.061881881896720614,-0.10156804145157756,9.863436596387244,2.0769277517551012
1809,20.0,10.576440584556678,1,17765.16307366272,19570.646766296442,18.56849577848442,18.903907800720212,1.0960921992797878,-0.1013845418103339,9.934736995204187,1.988779698540209
1810,20.0,8.82831068197105,1,17776.334762980747,19582.70128668267,22.095142894575492,23.233396744103985,-3.2333967441039846,-0.10065691728756702,9.824094363880873,1.7750294049594495
1811,20.0,8.815699678084622,1,17787.51906330266,19594.767156972393,22.312847046677756,20.86701859754742,-0.8670185975474212,-0.1017905532011771,9.723254895301247,2.537107542599056
1812,20.0,10.164282307194112,1,17797.35478099547,19605.619302895917,19.327927591887082,16.57805001502361,3.42194998497639,-0.10284621875779981,9.767357636490534,2.3896393122938426
1813,20.0,9.99572988692289,1,17807.359051108546,19616.623145997688,19.505318817441925,20.480957246288803,-0.48095724628880276,-0.10238183521242554,9.79019486153377,1.6103969345744469
1814,20.0,10.10210616591516,1,17817.25694494263,19627.531250448363,18.86627249213918,19.773517790637506,0.2264822093624943,-0.1021430128964089,9.82138599197191,2.0498140799112647
1815,20.0,9.722723754896533,1,17827.534221187732,19638.780799068954,19.895631209660287,20.755772630467863,-0.7557726304678631,-0.10181862323885947,9.811519768264374,1.9560100276007508
1816,20.0,10.398612204543959,1,17837.13560898319,19649.422048084863,18.59604297117679,18.5935783306838,1.4064216693161988,-0.10192100954986882,9.870229011892333,2.131264621071231
1817,20.0,10.559583305794671,1,17846.576025677394,19659.918423109648,18.79534830131365,19.876147753235394,0.12385224676460638,-0.10131477180469987,9.939164441282566,1.7725539006048692
1818,20.0,10.290389376370916,1,17856.28563630102,19670.657072670914,19.429525543649614,20.444292921319356,-0.4442929213193558,-0.10061207920521721,9.974286934791401,1.8883498107988037
1819,20.0,9.84350292495725,1,17866.442133376066,19681.797920038454,20.58179971092443,20.85859487211095,-0.8585948721109489,-0.10025779351824048,9.961208533807985,1.9897081555744518
1820,20.0,8.735386367431358,1,17877.706747008633,19693.936072307766,22.95858209351096,22.36288006809156,-2.3628800680915596,-0.10038942529975513,9.838626317170323,2.1173321964301457
1821,20.0,10.461541724822277,1,17887.245205283813,19704.520684755425,19.05197260134633,16.126125030892645,3.873874969107355,-0.10164020542733743,9.900917857935518,2.507924331549194
1822,20.0,10.733037199730555,1,17896.512168084082,19714.860951275667,18.904434391919043,20.10186576813231,-0.10186576813230985,-0.10100073693657673,9.984129792115022,1.4929846011493013
1823,20.0,10.386735047190388,1,17906.12543303689,19725.512889733196,19.067057391596517,20.359160264580986,-0.3591602645809857,-0.10015895434269606,10.02439031762256,1.9007614436927156
1824,20.0,9.472214543579495,1,17916.65321849331,19736.987896643976,21.08252795174685,21.771648648675516,-1.7716486486755159,-0.09975669026394869,9.969172740218253,1.9623195326065066
1825,20.0,10.404276636200654,1,17926.24894185711,19747.624047671394,19.241871323128372,18.036569254721364,1.963430745278636,-0.10030922585639811,10.012683129816493,2.2812810754541344
1826,20.0,10.516317824776868,1,17935.73262403233,19758.159361629096,19.47444514366597,20.0360112895865,-0.036011289586500794,-0.09987332935985237,10.06304659931253,1.7116787705602454
1827,20.0,10.935289748679452,1,17944.797334283652,19768.317600855284,18.47315456879087,19.09272750774676,0.9072724922532416,-0.09937348397733906,10.150270914249223,1.9152015413554866
1828,20.0,9.474334045463225,1,17955.32300023819,19779.790700214366,21.56204098978537,22.688021411540532,-2.6880214115405323,-0.09851953789688245,10.082677227370622,1.73148909648817
1829,20.0,9.864127249273517,1,17965.458872988915,19790.912985690018,20.705508477256316,19.432192548289333,0.5678074517106673,-0.0991800071994154,10.060822229560912,2.3576164698163202
1830,20.0,10.448363230686073,1,17975.010509758227,19801.509458782402,19.7987076767136,18.79044686016777,1.2095531398322308,-0.09939545468379112,10.099576329673429,1.9755961036555736
1831,20.0,10.034446042862895,1,17984.976063715363,19812.478457343826,20.382275189837173,20.812143560515285,-0.8121435605152847,-0.09901405438779778,10.093063300992375,1.791658774471137
1832,20.0,9.329603438769235,1,17995.646460276595,19824.081814248933,21.590722985332363,21.459803480638513,-1.459803480638513,-0.09907794791118348,10.01671731477006,2.074293961891025
1833,20.0,10.248769771016022,1,18005.39769050558,19834.85792145502,19.525593856225846,18.04344844326849,1.9565515567315117,-0.09983310585449576,10.039922560394658,2.2847966693126938
1834,20.0,10.3471969802891,1,18015.05049352529,19845.54544417276,19.46220496304312,19.953609420452814,0.04639057954718595,-0.0996023618692823,10.070650002384102,1.7482840094062118
1835,20.0,10.052777737798602,1,18024.997715787493,19856.497944208742,19.770849195742247,20.504564727368855,-0.5045647273688552,-0.09929845638198749,10.068862775925552,1.934693594184943
1836,20.0,10.131750956307966,1,18034.865964831184,19867.379368348065,19.7158029908466,19.836800716935226,0.16319928306477394,-0.09931608189069573,10.075151593963794,2.0399005166590687
1837,20.0,9.844776458988562,1,18045.021188372197,19878.519069534974,20.419570768628727,20.57130249426963,-0.5713024942696308,-0.09925408969519806,10.052114080466271,1.9569259193362027
1838,20.0,10.886967361429635,1,18054.13422101077,19888.720798909686,18.280312031038576,17.847913595034395,2.1520864049656048,-0.09948156099255238,10.135599408562609,2.087210160998525
1839,20.0,9.459584689772393,1,18064.674636320997,19900.20717268889,21.384991482188976,22.68853366631874,-2.6885336663187402,-0.09866214712029707,10.067997936683586,1.6025418055726937
1840,20.0,9.647607542341733,1,18075.027028778655,19911.524325900784,20.794239976525933,19.981525346497893,0.018474653502106975,-0.09932461312456342,10.025958897249401,2.353641378980601
1841,20.0,10.006591308116516,1,18085.02043747054,19922.51839372348,20.32270040519907,19.15682953877425,0.8431704612257498,-0.09974108314710403,10.024022138336113,2.081097865047449
1842,20.0,10.527372416620535,1,18094.493065053917,19933.04375854852,18.981393310930166,19.00203502962121,0.9979649703787885,-0.09976035429686211,10.074357166164555,1.9145133003305552
1843,20.0,9.101576097943278,1,18105.391488955975,19944.85234006037,21.760463455852108,22.619435296483452,-2.619435296483452,-0.09926191651796613,9.977079059342426,1.7999739338376577
1844,20.0,9.213821950140737,1,18116.177667005835,19956.559900305245,21.416868137567295,20.282742033563906,-0.28274203356390615,-0.1002297359830592,9.900753348422258,2.4242592687151245
1845,20.0,8.77736289535917,1,18127.400304110477,19968.66027369942,22.408064948502595,20.804478487371135,-0.804478487371135,-0.10100241515049517,9.78841430311595,2.219147570677687
1846,20.0,10.019617135151963,1,18137.380686975324,19979.642618277783,19.07209808593339,17.223229202316325,2.7767707976836746,-0.10216159318896725,9.811534586319551,2.3535080200144955
1847,20.0,9.329016509676073,1,18148.051670465647,19991.246503419075,20.43449912060197,21.248480342487287,-1.2484803424872872,-0.10192085562174169,9.763282778655203,1.712372235943628
1848,20.0,9.76926993398925,1,18158.282400531658,20002.454160478486,19.006894841291125,19.338231297725137,0.6617687022748626,-0.1024245658628501,9.763881494188608,2.242772407028287
1849,20.0,10.396826913935024,1,18167.88557361772,20013.097016255946,18.057491518306687,18.711235623119403,1.2887643768805965,-0.10241828524805353,9.827176036163248,1.9839702868342513
1850,20.0,9.615074367530292,1,18178.27049925019,20024.44344932517,19.745024400605317,21.499023524870463,-1.4990235248704629,-0.10175863303151153,9.805965869299953,1.7901278180826006
1851,20.0,10.138769213646018,1,18188.131730036544,20035.318557032886,18.86588054944532,18.972958218390048,1.0270417816099524,-0.1019787355298423,9.839246203734561,2.2217751318534833
1852,20.0,9.820397255348967,1,18198.311332781195,20046.480199503072,20.04179292205764,20.660014579437167,-0.660014579437167,-0.10163380194922274,9.837361308896002,1.864786440179719
1853,20.0,10.403268589057863,1,18207.90806419214,20057.11725777292,18.864640615384047,18.807067541050934,1.1929324589490662,-0.10165327556848931,9.893952036912188,2.100584720207178
1854,20.0,10.285076840408806,1,18217.62298735173,20067.86068861655,19.549390773476212,20.34825366527427,-0.34825366527427093,-0.10107184634302016,9.93306451726185,1.7947181301800534
1855,20.0,9.584839782295234,1,18228.038147569434,20079.234332812484,20.895218097584284,21.332920834353562,-1.332920834353562,-0.10067386537781799,9.898242043765189,1.9838967852175409
1856,20.0,9.89880894795973,1,18238.139338621473,20090.325404759322,20.367332462491536,19.3870051915874,0.6129948084126013,-0.1010280406943464,9.898298734184642,2.217025882420884
1857,20.0,10.626246038632297,1,18247.51309258284,20100.761783324553,18.976630731952667,18.55419661253202,1.4458033874679792,-0.10102746207753989,9.971093464629408,1.9605050083836348
1858,20.0,10.236026122152458,1,18257.27706646069,20111.549359814617,19.787629256469522,20.82309965667974,-0.8230996566797408,-0.10028990336389015,9.997586730381714,1.7322246684657485
1859,20.0,9.16182276534932,1,18268.11524369534,20123.303719325802,21.784361522517603,22.119744150094938,-2.119744150094938,-0.1000241385214589,9.914010333878476,2.04144480695722
1860,20.0,10.393370836702829,1,18277.721872858638,20133.94968557277,19.209291414968977,17.332362871936773,2.6676371280632267,-0.10086735501805638,9.961946384160912,2.384922242033814
1861,20.0,9.349233626538258,1,18288.3726392321,20145.535375308886,21.543657632807033,22.01456549039267,-2.0145654903926697,-0.10038198976757787,9.900675108398648,1.6384013913251438
1862,20.0,10.847507841976604,1,18297.525131390124,20155.772618251107,17.833611799941725,16.955745856307423,3.0442541436925765,-0.10100321332145416,9.995358381756443,2.3100992411469043
1863,20.0,10.614459303904615,1,18306.91067208622,20166.21960487759,19.16567705638179,21.037766706034212,-1.037766706034212,-0.10004643773706032,10.05726847397126,1.4996504950956524
1864,20.0,10.17393128555104,1,18316.73674080067,20177.063066720595,19.620297142499204,20.57760100869264,-0.5776010086926391,-0.09943057626313274,10.068934755129238,2.011038321676006
1865,20.0,10.094339706061715,1,18326.642401094607,20187.978160985138,20.221661751855052,20.162945559751364,-0.16294555975136404,-0.0993153719156426,10.071475250222486,2.022386410939008
1866,20.0,9.874580646383547,1,18336.76782044822,20199.091038403392,20.764714974067424,20.44242269554243,-0.4424226955424295,-0.09929031995366412,10.051785789838593,1.9970997828076225
1867,20.0,10.407114370840016,1,18346.360706077383,20209.724635469636,19.66448747991732,18.909459546515453,1.0905404534845466,-0.09948481005344399,10.087318647938735,2.0690618342161002
1868,20.0,9.777533098322763,1,18356.58317297906,20220.924855681147,20.959721477780334,21.23504829717641,-1.2350482971764087,-0.09913437206668813,10.056340092977138,1.8076554762438908
1869,20.0,10.141341922383937,1,18366.441831056676,20231.797647951,19.927324855884578,19.299049347177,0.7009506528229998,-0.09943975549299011,10.064840275917817,2.1630272520032423
1870,20.0,10.523160619911671,1,18375.918670436764,20242.32680339308,19.32205305164646,19.307318623563756,0.6926813764362443,-0.09935577441727556,10.110672310317202,1.8997838620637773
1871,20.0,9.662916073884647,1,18386.25575436288,20253.630178926585,20.89536334768568,21.603881704927208,-1.6038817049272076,-0.09890539118546776,10.065896686673947,1.832100867199138
1872,20.0,9.630284356005584,1,18396.625470006875,20264.96292300618,20.867772599673028,20.214101806464203,-0.2141018064642033,-0.09934534707910139,10.02233545360711,2.2210953599852976
1873,20.0,9.283380711565325,1,18407.34208929531,20276.607880365773,21.63382730830623,20.686697662838377,-0.6866976628383767,-0.0997771432246456,9.94843997940293,2.103479836747231
1874,20.0,9.361316352324296,1,18417.980772942985,20288.18269564868,21.164841824204064,19.906774473113327,0.0932255268866733,-0.10051827241963382,9.889727616695067,2.219765085127762
1875,20.0,8.9029628131351,1,18429.07781012985,20300.17002911686,21.878261688694767,20.92257496936483,-0.9225749693648311,-0.10111501941791379,9.791051136339071,2.1323462651938656
1876,20.0,10.437897273409318,1,18438.63991285644,20310.775921570792,17.94751840620049,16.62155666181206,3.378443338187939,-0.10213407999561379,9.855735750046096,2.3281526605420746
1877,20.0,11.085348725249663,1,18447.55456413119,20320.799107718067,17.076882551251344,19.380943146419305,0.6190568535806946,-0.10146375931348636,9.978697047566452,1.555261268066645
1878,20.0,10.855197366082184,1,18456.699366765108,20331.029430088594,17.541437012429437,20.176339679615957,-0.17633967961595687,-0.10021348430894335,10.066347079418025,1.7691620722447168
1879,20.0,9.02434930682409,1,18467.675017458285,20342.907515712453,21.45298241037623,23.33492331341327,-3.3349233134132703,-0.09934090212770748,9.96214730215863,1.866219468418342
1880,20.0,10.43491280293372,1,18477.24010465535,20353.516094189814,19.02248486368367,17.071945359787964,2.9280546402120358,-0.10037996524939125,10.00942385223614,2.516837318107882
1881,20.0,10.853263809954134,1,18486.386840845396,20363.748156760856,19.102253880811443,19.728324140665993,0.27167585933400673,-0.0999058502030161,10.09380784800794,1.5980097344740818
1882,20.0,9.725914011556801,1,18496.66092683384,20374.994834150453,20.97439694236733,21.8644216725552,-1.8644216725551992,-0.09907063964937224,10.057018464362827,1.8367325114003719
1883,20.0,10.06086845839003,1,18506.60005837545,20385.940052537902,20.343172649593967,19.371062449647468,0.6289375503525321,-0.09943304802944458,10.057403463765546,2.235727394303611
1884,20.0,8.795264169517198,1,18517.804794205935,20398.024314785336,23.017920471344596,22.450234651785504,-2.450234651785504,-0.09942924171261144,9.931189534340712,1.9238566882966979
1885,20.0,10.160041700785985,1,18527.644752505148,20408.88027725463,19.64622368918788,17.26862134968817,2.7313786503118287,-0.10069287234345242,9.95407475098524,2.4784950735142433
1886,20.0,9.36186416233917,1,18538.28288834281,20420.454599508525,21.393847038018535,21.485120354648505,-1.4851203546485046,-0.10046137134955928,9.894853692120634,1.685935698419275
1887,20.0,10.119781010746909,1,18548.16310733206,20431.346796598853,19.054943791694487,18.63793589622183,1.3620641037781702,-0.10106263630722599,9.917346423983261,2.2576757771896085
1888,20.0,9.063278246686671,1,18559.099829085375,20443.189846176836,21.423801087495047,22.001239657676496,-2.0012396576764964,-0.1008334243101245,9.831939606253602,1.8356157436330873
1889,20.0,10.325714934686557,1,18568.77411415069,20453.89670273562,18.333609659461835,17.472598139467664,2.5274018605323363,-0.1017093310219227,9.881317139096897,2.375490866575372
1890,20.0,10.614707605256013,1,18578.159406545434,20464.34346589089,18.41884525021824,19.779463126788222,0.22053687321177762,-0.10120108341056595,9.954656185712809,1.666850908254736
1891,20.0,9.5300920829709,1,18588.62931446246,20475.766383016213,20.332994860855745,21.90688792683605,-1.906887926836049,-0.10045550356979953,9.912199775438618,1.8753832643325936
1892,20.0,9.31784645115374,1,18599.311468011307,20487.380321210174,21.05669771052136,20.65750537293613,-0.6575053729361287,-0.10088577940871352,9.852764443010129,2.280503619081297
1893,20.0,8.706386174470012,1,18610.60508183684,20499.54457365315,22.567094021594208,21.309316878511893,-1.3093168785118934,-0.10149435783065254,9.738126616156118,2.2222984492876607
1894,20.0,9.840151879554893,1,18620.764929957284,20510.68843696155,19.79102555353478,17.477135749643512,2.5228642503564878,-0.10268915566788195,9.748329142495995,2.4219322446013303
1895,20.0,9.651043639431037,1,18631.113886317853,20522.002497686062,20.082027118681026,20.29910349155508,-0.29910349155507987,-0.1025816819869868,9.7386005921895,1.7799144734880852
1896,20.0,9.069388352591167,1,18642.04449796526,20533.84004816873,20.810667778073466,21.318465911300486,-1.3184659113004855,-0.10268415780415255,9.671679368229666,2.0928244378058567
1897,20.0,10.271811253787304,1,18651.772686711472,20544.595418040324,18.158096833724066,17.37402117033482,2.625978829665179,-0.10339466000960318,9.73169255678543,2.331083014413563
1898,20.0,9.73001777088121,1,18662.04266894059,20555.83840204653,19.573609790068392,21.156020666343267,-1.1560206663432666,-0.10275704808437965,9.731525078195007,1.6668007074485285
1899,20.0,9.354558424812861,1,18672.688110515777,20567.4192994642,20.204116786302013,20.914702239524566,-0.9147022395245656,-0.10275881652308078,9.693828412856792,2.1637919725990304
1900,20.0,9.667256556615731,1,18683.020853959162,20578.718768563245,19.88353975375704,19.31786388017368,0.6821361198263212,-0.103158417645779,9.691171227232687,2.2340193655635647
1901,20.0,10.642782723357769,1,18692.378071235806,20589.140264112222,17.973802847277142,17.990279099671774,2.009720900328226,-0.10318670226256542,9.786332376845195,2.003948152929416
1902,20.0,10.361762166253133,1,18702.016309069553,20599.814678162595,18.888002876767622,20.72934786389102,-0.7293478638910216,-0.10218332685757077,9.843875355785988,1.665829707228495
1903,20.0,9.921984363100906,1,18712.094324706453,20610.884892235805,19.7932708836442,20.748176732010872,-0.7481767320108723,-0.10158600793459098,9.85168625651748,2.01382812153873
1904,20.0,10.371463011078912,1,18721.722861695376,20621.550575525835,19.289416259042078,19.054653895722417,0.9453461042775828,-0.10150546555808557,9.903663931973623,2.0916550358532056
1905,20.0,9.303452826167957,1,18732.41940886921,20633.177467982285,21.66217721516718,22.05865436906622,-2.0586543690662182,-0.10097273159396453,9.843642821393056,1.8268485737737397
1906,20.0,10.019422060436218,1,18742.399986808774,20644.159988127893,20.05704002622564,18.649436572772128,1.350563427227872,-0.10158840768040807,9.861220745297372,2.336384040425872
1907,20.0,10.088393398291883,1,18752.311593410483,20655.08043406943,20.14108853289745,19.90010459168971,0.09989540831028876,-0.10140732327454295,9.883938010596824,1.8585052387287917
1908,20.0,9.718098094900764,1,18762.59349531558,20666.334145784018,20.53361539723938,20.72177621297917,-0.7217762129791687,-0.10117424845520827,9.867354019027218,1.9734651977606303
1909,20.0,10.26127500157445,1,18772.332220314005,20677.0989982826,19.340831656802134,18.87777656088015,1.1222234391198498,-0.10134429129346126,9.90674611728194,2.1287802586664286
1910,20.0,9.53173992721333,1,18782.80048038679,20688.52043234811,20.884479758501943,21.424192505014442,-1.4241925050144424,-0.10094131697344481,9.86924549827508,1.831101581573301
1911,20.0,10.305892424665672,1,18792.494587962126,20699.24512916591,19.057581141561474,18.441544379935237,1.5584556200647626,-0.10132486826624967,9.912910190914138,2.2300492939430985
1912,20.0,10.331115262918775,1,18802.16347269921,20709.947125429284,19.392583736040976,20.10825986175517,-0.10825986175516888,-0.10087854936046617,9.954730698114602,1.7745697392403788
1913,20.0,8.24970407158176,1,18813.913768627626,20722.522391764862,23.303486552227408,24.003876382680282,-4.003876382680282,-0.10045475164781677,9.784228035461318,1.9521165049484144
1914,20.0,10.714183422106071,1,18823.19958520552,20732.879626684968,17.856284810192655,14.530276782109134,5.469723217890866,-0.10220530392133802,9.877223574125793,2.7508955595962314
1915,20.0,8.171420460788347,1,18835.02816474473,20745.525348270257,23.396521763633576,24.31792744439024,-4.317927444390239,-0.10124302568381494,9.70664326279205,1.2497642713068329
1916,20.0,9.630370584666325,1,18845.397794160064,20756.85801474406,19.78946908756596,18.572365949468377,1.4276340505316227,-0.10302222642025446,9.699015994979478,2.6733718363771457
1917,20.0,10.615208820554653,1,18854.782585339508,20767.30432680556,18.266147443165178,17.855491019758023,2.1445089802419766,-0.10310324269159182,9.790635277536994,1.9516219868982174
1918,20.0,9.809627964848536,1,18864.97295737466,20778.475661637196,19.448965933426827,21.562702112885326,-1.5627021128853258,-0.10213841815702561,9.792534546268149,1.6608977389617305
1919,20.0,9.120288410518274,1,18875.85266896414,20790.26740206773,20.910055516331976,21.57832785056589,-1.5783278505658913,-0.1021186083414014,9.725309932693161,2.191199813294478
1920,20.0,9.343757762969998,1,18886.50891120117,20801.858020081057,20.72241002609143,19.573281811622753,0.4267181883772473,-0.10282448651207943,9.687154715720844,2.355053137844686
1921,20.0,10.616143447792371,1,18895.89276775338,20812.303490978044,18.03518560381288,17.16792555832085,2.8320744416791506,-0.10322948578256372,9.780053588927997,2.110498634790122
1922,20.0,8.847097281670816,1,18907.045670471707,20824.34110342454,21.637586783757893,23.18609304818628,-3.1860930481862795,-0.10224892848563738,9.686757958202278,1.5803864324066788
1923,20.0,10.67739466057721,1,18916.368275811128,20834.73144823002,17.47976643224239,16.373922887387952,3.626077112612048,-0.10323371393348879,9.785821628439773,2.5111153996951616
1924,20.0,9.966938740574626,1,18926.401337070554,20845.761203363505,19.923498508706594,21.82862676125311,-1.8286267612531084,-0.10218866008080278,9.803933339653259,1.4593544221278374
1925,20.0,9.28456280173454,1,18937.11677426882,20857.405096841943,20.8898759036505,21.482950989472393,-1.4829509894723927,-0.10199987753439453,9.751996285861386,2.1913445152182867
1926,20.0,9.650130956618385,1,18947.4666433122,20868.719978980986,20.528170300796923,19.20231039782455,0.7976896021754492,-0.10254310714307976,9.741809752937087,2.308843340241619
1927,20.0,9.389665395339016,1,18958.076977916862,20880.26928012518,21.03742909886691,20.433344116764044,-0.4333441167640437,-0.10265033144365265,9.70659531717728,1.9988961790243696
1928,20.0,10.519735120515117,1,18967.55724279635,20890.801518516717,18.342055349636546,17.640824744227352,2.359175255772648,-0.10302273529734464,9.787909297511064,2.1666438471523626
1929,20.0,10.439456685857703,1,18977.11778611049,20901.406007499445,18.83719416944957,20.45369607335984,-0.45369607335983986,-0.10216686419992539,9.853064036345728,1.646362371918345
1930,20.0,8.968503319674372,1,18988.14928279082,20913.33435451174,21.532565170876236,22.752599668891683,-2.7525996688916834,-0.10149127178218124,9.764607964678593,1.9736956963194658
1931,20.0,9.757844728888399,1,18998.39143806193,20924.55229425574,20.11731833139873,18.499655946218244,1.500344053781756,-0.10241066549904397,9.763931641099575,2.4854816198162957
1932,20.0,9.482088602593434,1,19008.90934945934,20936.018414513404,20.92570452839133,20.421813450753874,-0.42181345075387355,-0.10241775923447412,9.735747337248961,1.9065253714798571
1933,20.0,10.776105981075622,1,19018.133243478263,20946.319919130437,17.770279368902234,17.33866840155358,2.66133159844642,-0.10271425144467347,9.839783201631628,2.142067374776899
1934,20.0,9.189940529124147,1,19028.94330294914,20958.048972654226,21.25132142243341,22.972159515966787,-2.972159515966787,-0.10162825536991309,9.774798934380879,1.5632863825459378
1935,20.0,10.962537462811008,1,19037.98076548633,20968.182688937697,17.199064149202172,16.32553080065019,3.6744691993498115,-0.10230389460827702,9.893572787223892,2.4306989878677125
1936,20.0,9.980023156289837,1,19048.000742330038,20979.200668097037,20.2734411691851,22.407026298566826,-2.4070262985668265,-0.10107572072359484,9.902217824130487,1.3946364937351197
1937,20.0,9.302839356171948,1,19058.697902973865,20990.82811267648,21.234987871107258,21.51409979912311,-1.5140997991231089,-0.1009874775288343,9.842279977334634,2.2458655577646143
1938,20.0,9.593635489594433,1,19069.104267484272,21002.193840735847,21.051760684592402,19.348876160207553,0.6511238397924473,-0.10160247445742829,9.817415528560614,2.310409193986646
1939,20.0,9.51902869553893,1,19079.58523878873,21013.62671490986,21.05645225636189,20.048441166162274,-0.048441166162273674,-0.10185980180739233,9.787576845258446,2.0275634848217634
1940,20.0,9.235228958790696,1,19090.35000982994,21025.31500884695,21.32705961286336,20.631656396892055,-0.6316563968920548,-0.10217033447706172,9.732342056611671,2.102469235566494
1941,20.0,10.056896115838226,1,19100.293113714102,21036.263802342695,19.211559704964415,18.248087340206897,1.7519126597931027,-0.10275019046629681,9.764797462534327,2.2256935737293855
1942,20.0,9.263250669584894,1,19111.029863044518,21047.926876740068,20.7762507264302,21.50081923731912,-1.5008192373191207,-0.10240867809463637,9.714642783239384,1.8079256084341995
1943,20.0,8.691780274757086,1,19122.338082769762,21060.104274492787,21.752101652113144,21.6167272220065,-1.6167272220064994,-0.10293739279073587,9.612356532391155,2.287689217485233
1944,20.0,9.772194117491097,1,19132.565888652272,21071.309299787044,19.344770481977957,17.504105854868566,2.495894145131434,-0.10403276206310687,9.62834029090115,2.4674726143619203
1945,20.0,8.918286282149271,1,19143.64760237012,21083.28284213311,21.069674813183116,21.478063465563892,-1.478063465563892,-0.10386005996744913,9.557334890025963,1.796986762062371
1946,20.0,9.548703479159489,1,19154.098898890963,21094.689009001868,19.336587303750782,19.0478268339839,0.9521731660160988,-0.10463167938622725,9.556471748939316,2.3490347857732807
1947,20.0,9.454538266837986,1,19164.644360624126,21106.179924561715,19.72492455539771,20.07848095792619,-0.07848095792618892,-0.10464112972562192,9.546278400729182,2.006374646828935
1948,20.0,9.477270356784512,1,19175.167090267343,21117.650381240608,19.502986456358517,20.008833579691693,-0.008833579691692961,-0.10475286368388503,9.539377596334715,2.1176611643105865
1949,20.0,11.200577860954093,1,19183.96651240639,21127.56986116575,16.06926823977343,16.357442042641292,3.642557957358708,-0.1048286421101757,9.705497622796653,2.1116224386511893
1950,20.0,10.033846940301743,1,19193.932665466087,21138.539398919478,19.14378305584494,22.599286399407106,-2.599286399407106,-0.10303438719630005,9.738332554547162,1.3711745579826882
1951,20.0,10.1472226053972,1,19203.78544286069,21149.40689857462,18.9390321940094,19.643510092125695,0.35648990787430535,-0.10268698408056169,9.779221559632166,2.2622718747760078
1952,20.0,8.934161022194623,1,19214.851281838495,21161.366153654646,22.138900367378316,22.398431263978708,-2.3984312639787078,-0.10225762796171005,9.69471550588841,1.930240431676352
1953,20.0,9.607622119817847,1,19225.24365971868,21172.71929374681,20.803365673832833,18.829701705377268,1.1702982946227323,-0.1031489783679177,9.686006167281354,2.4531282834267305
1954,20.0,10.129181577964907,1,19235.114478140713,21183.60303032664,19.863597009729364,18.82019520916671,1.1798047908332912,-0.10324172654131994,9.730323708349708,1.9754317110613733
1955,20.0,9.385282652252195,1,19245.72919548846,21195.156275939615,20.999086956097674,21.427100810969883,-1.4271008109698826,-0.10277150380329977,9.695819602739958,1.8532307488920425
1956,20.0,10.54483770611079,1,19255.18435778235,21205.665922004115,18.271857069946993,17.58407825114592,2.4159217488540783,-0.10313723243338896,9.78072141307704,2.261108537119239
1957,20.0,9.278382048459381,1,19265.90597573389,21217.3153781605,21.11681716849151,22.46219217795806,-2.462192177958059,-0.10224194696548436,9.730487476615274,1.6297977378177442
1958,20.0,9.828180318480895,1,19276.07779541541,21228.470015873867,19.703212134483138,19.163035528833863,0.8369644711661373,-0.10276977411493957,9.740256760801834,2.3706480644552785
1959,20.0,9.648369016014664,1,19286.429426399398,21239.786483759453,20.47558295842666,20.302364981345335,-0.3023649813453346,-0.1026666980714868,9.731067986323117,1.9548040208850836
1960,20.0,10.098592395629149,1,19296.33083400377,21250.697750603387,19.258153945341125,19.097248840059336,0.9027511599406637,-0.10276364335399633,9.767820427253719,2.0998090932419404
1961,20.0,9.615705956886744,1,19306.715128046882,21262.04361524219,20.412869404999565,20.95359887707728,-0.9535988770772796,-0.10237698445088593,9.75260898021702,1.8868765376490761
1962,20.0,9.837463823757437,1,19316.877664223124,21273.189897800807,19.806043023469037,19.603445678740268,0.3965543212597318,-0.1025366650122527,9.761094464571062,2.1702903899658037
1963,20.0,9.85832194493321,1,19327.019342278192,21284.317408050367,19.949052999241747,19.939553076730004,0.06044692326999623,-0.10244752815676635,9.770817212607279,1.9946490601391587
1964,20.0,9.559367345565219,1,19337.459974932626,21295.713977439358,20.476619075397135,20.609811370684227,-0.609811370684227,-0.10234558463643151,9.749672225903073,2.022073324236591
1965,20.0,10.291056321098267,1,19347.16891861153,21306.45202675037,18.934538530856035,18.467101075131875,1.5328989248681246,-0.10256755066526085,9.803810635422593,2.15164601229092
1966,20.0,10.143033024902454,1,19357.025885586627,21317.323297027957,19.463061962501495,20.40218151953383,-0.40218151953382986,-0.1020011541621229,9.83773287437058,1.7810175231852585
1967,20.0,9.946831632848099,1,19367.079053953777,21328.371148558395,19.77482349795711,20.35526650048592,-0.35526650048592145,-0.10164943618312874,9.848642750218332,2.0154070923293417
1968,20.0,9.741724999922825,1,19377.337328953854,21339.603596058463,20.403192116722316,20.41601847006567,-0.4160184700656693,-0.10153683358834711,9.83795097518878,2.0467882259639043
1969,20.0,10.477926418311998,1,19386.85940253554,21350.173462281982,18.9465620085843,18.463185398746905,1.536814601253095,-0.10164718268285648,9.901948519501103,2.095150528348087
1970,20.0,9.858499453711492,1,19397.00090308183,21361.300812773643,20.41446131679422,21.26341660125307,-1.2634166012530699,-0.10099022409888107,9.897603612922142,1.7446639702372277
1971,20.0,9.815981627304438,1,19407.184921454525,21372.46642930907,20.32951643585919,20.136127662112454,-0.13612766211245386,-0.10103455736441265,9.889441414360371,2.1523358275622986
1972,20.0,10.062814017932876,1,19417.122107436593,21383.409896692927,20.008120872965932,19.4734282918705,0.5265717081294987,-0.10111794570600406,9.906778674717623,2.0533718831948096
1973,20.0,11.01795200978251,1,19426.104155426812,21393.49373988412,18.03746018713906,18.165267944825988,1.8347320551740118,-0.1009409852419564,10.017896008224112,1.933949279151483
1974,20.0,9.195786275187277,1,19436.908369151624,21405.217532236453,21.722994961908555,23.26820640279382,-3.268206402793819,-0.09982135961274284,9.935685034920429,1.6199877961744797
1975,20.0,10.461914135833213,1,19446.44645501579,21415.801809514203,18.93174087027048,17.540080579848844,2.459919420151156,-0.10064731284107263,9.988307945011707,2.459217834222449
1976,20.0,8.864097303257138,1,19457.582357712534,21427.82412194127,22.66184573184203,23.00184981605134,-3.0018498160513403,-0.10011705741405512,9.87588688083625,1.6401253581067294
1977,20.0,10.130363894937174,1,19467.451993817598,21438.706794435828,19.481325935127618,17.774612106578058,2.225387893421942,-0.10125672884533121,9.901334582246342,2.4902597745852972
1978,20.0,10.945049696565238,1,19476.506944121033,21448.85624970892,18.38238588283656,18.699802267586776,1.3001977324132241,-0.1009964860487653,10.005706093678231,1.7427796463068885
1979,20.0,10.293201114680384,1,19486.213743006352,21459.592368705707,19.34626948981001,21.146260482536015,-1.1462604825360145,-0.09994297160415459,10.034455595778446,1.7053530373573993
1980,20.0,10.102375047123875,1,19496.111367959227,21470.500231163296,19.81146458881939,20.29262158084071,-0.2926215808407093,-0.09965662715381449,10.04124754091299,2.0642313123815663
1981,20.0,9.663730318718155,1,19506.447637640507,21481.80287387645,20.983693837917752,20.887760485028767,-0.8877604850287675,-0.09958921896163872,10.003495818693505,2.008009376899282
1982,20.0,10.018628320293132,1,19516.429009320214,21492.786108388187,20.26378153555057,19.284909906951494,0.7150900930485058,-0.09996505402954263,10.005009068853468,2.1562682921692815
1983,20.0,9.848762310757985,1,19526.580247009457,21503.922222308505,20.65080902373008,20.330868091492718,-0.330868091492718,-0.09994993438967426,9.98938439304392,1.9245100264786499
1984,20.0,9.528414035241187,1,19537.051832974215,21515.346649676787,21.03909562963104,20.681107634575028,-0.681107634575028,-0.10010626888042742,9.943287357263648,2.062227815063696
1985,20.0,9.826074630715079,1,19547.225758343502,21526.503182509143,20.260175802403186,19.400276577527524,0.5997234224724757,-0.1005703610958696,9.931566084608791,2.165751010126291
1986,20.0,10.119028696375864,1,19557.106729647126,21537.396056682406,19.531316767184805,19.39210004084748,0.6078999591525189,-0.10068905462449938,9.950312345785498,1.9772823199766179
1987,20.0,9.539669758881615,1,19567.567059888246,21548.81035389941,20.565807233221218,21.120092177659973,-1.1200921776599735,-0.10049935773358458,9.90924808709511,1.915371110847513
1988,20.0,9.51623090758919,1,19578.050828980657,21560.24574608258,20.509867074539397,20.172913726991386,-0.17291372699138563,-0.10091583046571492,9.869946369144516,2.2012053568354695
1989,20.0,9.183853937444695,1,19588.866975043213,21571.980277538878,21.247632544105695,20.666346172695352,-0.6663461726953521,-0.10131767312598636,9.801337125974534,2.12400672823892
1990,20.0,10.234435015653338,1,19598.63254002756,21582.76928602479,18.74559022604222,17.72754667675552,2.2724533232444806,-0.10202689563140308,9.844646914942414,2.2413352042252903
1991,20.0,10.327193957180237,1,19608.30534607038,21593.47481146333,18.77694095806014,19.999638856788092,0.00036114321190794385,-0.10157804628647257,9.892901619166198,1.7166238857789307
1992,20.0,10.13899626654191,1,19618.16634980384,21604.349714823442,19.00982576458387,20.291492401727535,-0.29149240172753466,-0.10108257804390082,9.917511083903769,1.9437965984952852
1993,20.0,10.579102295637199,1,19627.587247508203,21614.82852275737,18.496146649087883,19.108176808720774,0.8918231912792258,-0.10083175017802715,9.983670205077111,2.0023736420190135
1994,20.0,10.052720582248437,1,19637.534526925956,21625.781074233346,19.942447685725305,21.06641952246261,-1.0664195224626098,-0.10016356504759727,9.990575242794243,1.794713892487685
1995,20.0,10.235206562419455,1,19647.299320363538,21636.569388327167,19.706193794550256,19.600318150524135,0.39968184947586494,-0.10009433648190133,10.015038374756765,2.0972807183741096
1996,20.0,10.182302455382537,1,19657.117017908156,21647.40531611732,20.16329671702994,20.14435735489441,-0.14435735489441015,-0.09984984206556143,10.031764782819343,1.9107624116336253
1997,20.0,9.945075988349075,1,19667.17194191981,21658.454747727807,20.59359380412571,20.457518951808474,-0.45751895180847413,-0.09968335797831161,10.023095903372315,1.9795563579553943
1998,20.0,9.681506903122212,1,19677.490435016687,21669.741391514995,21.104535237738787,20.547316171338267,-0.5473161713382666,-0.09976957315788483,9.988937003347305,2.056518988180375
1999,20.0,11.328491569475148,1,19686.161943447212,21679.545749102468,17.530179195564216,16.527618088565998,3.4723819114340024,-0.10011075249197175,10.12289245996009,2.120290943897053
